"U:0","U:1","U:2","grad(U):0","grad(U):1","grad(U):2","grad(U):3","grad(U):4","grad(U):5","grad(U):6","grad(U):7","grad(U):8","nu","p","shearStress:0","shearStress:1","shearStress:2","shearStress:3","shearStress:4","shearStress:5","strainRate","wallShearStress:0","wallShearStress:1","wallShearStress:2","arc_length","Points:0","Points:1","Points:2"
0,0,0,-2.2929,-2.3636e-10,1.6469e-10,2.4761e-08,478.07,-1825.4,1.0417e-08,439.16,-493.67,0.00055551,44.42,0.0011284,-0.58908,0.58796,-1.3788e-11,0.819,-6.0465e-12,2324.4,1.6319e-11,0.37773,-1.186,0,0,0.00039962,0.007481
-3.1198e-14,-0.00073658,0.0021675,-1.9512,-5.745e-13,-4.5162e-10,2.3934e-08,233.83,-1806.8,4.877e-09,206.67,-223.61,0.00055561,43.923,0.0066114,-0.25949,0.25288,-1.3294e-11,0.91001,-2.461e-12,1949.5,7.5205e-12,0.032918,-0.60454,1.0258e-05,0,0.00039858,0.0074912
-4.2833e-14,-0.00011309,0.0033594,-0.34676,1.6115e-10,-9.5001e-10,2.3284e-08,59.626,-1805,7.0376e-10,39.675,-43.219,0.00055556,43.538,0.0070579,-0.061751,0.054693,-1.3023e-11,0.99177,1.3536e-13,1789.6,3.9462e-12,0.017273,-0.31722,1.9398e-05,0,0.00039769,0.0075003
-5.4171e-14,-0.00014303,0.0042486,-0.35975,1.7444e-10,-1.0233e-09,2.2676e-08,55.414,-1736.5,7.4879e-10,40.153,-45.207,0.00055552,43.587,0.0034972,-0.056821,0.053324,-1.2687e-11,0.94168,1.5163e-13,1699,1.2064e-12,0.00057056,-0.088585,2.1922e-05,0,0.00039717,0.0075028
-5.9259e-14,-0.00013592,0.0046051,-0.34258,1.8054e-10,-1.0742e-09,2.2288e-08,53.595,-1703.2,7.4885e-10,37.029,-44.889,0.0005555,43.616,0.003478,-0.056447,0.052969,-1.2481e-11,0.92557,1.8076e-13,1670.1,0,0,0,2.3607e-05,0,0.00039683,0.0075044
-8.4866e-14,-0.00019644,0.0064193,-0.4977,2.5308e-10,-1.2336e-09,2.0775e-08,52.938,-1530,9.9989e-10,41.125,-55.933,0.0005555,43.745,-0.00074041,-0.060108,0.060848,-1.1681e-11,0.82708,1.2984e-13,1494.5,0,0,0,2.9824e-05,0,0.00039556,0.0075105
-1.0221e-13,-0.0001621,0.0076378,-0.41113,3.0632e-10,-1.4163e-09,1.9315e-08,50.28,-1430.6,1.0241e-09,20.918,-54.939,0.0005555,43.847,-0.0014208,-0.057739,0.05916,-1.09e-11,0.78306,2.1786e-13,1415.4,0,0,0,3.6417e-05,0,0.00039423,0.007517
-1.0729e-13,-0.00017777,0.0079801,-0.45191,3.2052e-10,-1.4544e-09,1.8976e-08,51.126,-1400,1.0589e-09,19.261,-55.837,0.0005555,43.873,-0.0014101,-0.058713,0.060123,-1.0719e-11,0.76697,2.1968e-13,1387,0,0,0,3.7839e-05,0,0.00039393,0.0075184
-1.128e-13,-0.00015676,0.008379,-0.39894,3.3772e-10,-1.5248e-09,1.843e-08,48.158,-1368,1.035e-09,9.1843,-53.445,0.0005555,43.909,-0.0016624,-0.055609,0.057272,-1.0425e-11,0.7548,2.7208e-13,1364.8,0,0,0,4.0374e-05,0,0.00039342,0.0075209
-1.3269e-13,-0.00020919,0.010044,-0.53374,3.9192e-10,-1.4904e-09,1.7949e-08,52.209,-1359.8,1.1739e-09,10.828,-55.047,0.0005555,43.866,-0.0006555,-0.059253,0.059909,-1.0189e-11,0.74938,1.7582e-13,1356,0,0,0,4.4379e-05,0,0.0003922,0.0075247
-1.3878e-13,-0.0002089,0.01067,-0.53316,4.069e-10,-1.4854e-09,1.776e-08,50.96,-1352.9,1.195e-09,10.633,-53.225,0.0005555,43.847,-0.0004442,-0.057653,0.058097,-1.0091e-11,0.74562,1.6131e-13,1348.8,0,0,0,4.602e-05,0,0.00039171,0.0075262
-1.5845e-13,-0.00027076,0.012386,-0.6943,4.5808e-10,-1.455e-09,1.726e-08,52.193,-1338.6,1.3122e-09,12.416,-52.241,0.0005555,43.802,0.00049676,-0.058262,0.057765,-9.8425e-12,0.73671,7.9329e-14,1333.3,0,0,0,5.0191e-05,0,0.00039042,0.0075302
-1.7208e-13,-0.00026144,0.013851,-0.67128,4.9137e-10,-1.4486e-09,1.6807e-08,47.744,-1320.6,1.3411e-09,11.593,-46.686,0.0005555,43.758,0.00088881,-0.0529,0.052012,-9.6094e-12,0.72715,5.9686e-14,1314.3,0,0,0,5.4133e-05,0,0.00038924,0.007534
-1.8065e-13,-0.00028991,0.014625,-0.74665,5.1298e-10,-1.438e-09,1.6577e-08,47.132,-1312.3,1.3837e-09,12.307,-45.298,0.0005555,43.737,0.0012321,-0.051961,0.050728,-9.4934e-12,0.72215,3.0204e-14,1305.3,0,0,0,5.6054e-05,0,0.00038864,0.0075358
-1.9714e-13,-0.00026281,0.016479,-0.67874,5.5344e-10,-1.4383e-09,1.5991e-08,39.841,-1288,1.3946e-09,10.63,-36.713,0.0005555,43.68,0.0016613,-0.043356,0.041695,-9.1907e-12,0.70955,2.4289e-14,1279.7,0,0,0,6.1197e-05,0,0.00038709,0.0075407
-2.0061e-13,-0.00027021,0.016782,-0.69821,5.631e-10,-1.4323e-09,1.5945e-08,40.295,-1284.9,1.4137e-09,10.856,-37.293,0.0005555,43.681,0.001629,-0.043915,0.042286,-9.1703e-12,0.70771,1.0368e-14,1276.5,0,0,0,6.1825e-05,0,0.00038684,0.0075413
-2.0143e-13,-0.000271,0.016865,-0.70031,5.6534e-10,-1.4314e-09,1.5931e-08,40.318,-1284.1,1.4167e-09,10.839,-37.347,0.0005555,43.682,0.0016191,-0.043952,0.042333,-9.1636e-12,0.70731,8.1774e-15,1275.7,0,0,0,6.2014e-05,0,0.00038676,0.0075414
-2.2553e-13,-0.00033187,0.018986,-0.86218,6.3258e-10,-1.394e-09,1.5597e-08,42.944,-1262.8,1.54e-09,12.395,-40.755,0.0005555,43.691,0.0014492,-0.04722,0.045771,-9.0156e-12,0.69458,-8.1095e-14,1253.4,0,0,0,6.6469e-05,0,0.00038496,0.0075455
-2.3218e-13,-0.0003387,0.01967,-0.88068,6.5075e-10,-1.3879e-09,1.5477e-08,42.925,-1256.8,1.5619e-09,12.16,-40.998,0.0005555,43.693,0.0013657,-0.047302,0.045936,-8.9591e-12,0.69138,-9.6611e-14,1247.7,0,0,0,6.8042e-05,0,0.00038434,0.007547
-2.4855e-13,-0.00038567,0.021121,-1.0071,6.9652e-10,-1.3649e-09,1.5242e-08,44.272,-1242.2,1.6392e-09,13.153,-42.833,0.0005555,43.699,0.0012791,-0.049027,0.047747,-8.8539e-12,0.68275,-1.524e-13,1232.6,0,0,0,7.1145e-05,0,0.00038308,0.0075498
-2.6065e-13,-0.000398,0.022388,-1.0414,7.2981e-10,-1.3554e-09,1.5013e-08,43.889,-1230.9,1.6741e-09,12.496,-42.927,0.00055552,43.702,0.0011278,-0.048791,0.047663,-8.7454e-12,0.67686,-1.7703e-13,1221.9,0,0,0,7.4105e-05,0,0.0003819,0.0075525
-2.697e-13,-0.00042657,0.023197,-1.1193,7.5522e-10,-1.3441e-09,1.4878e-08,44.381,-1222.8,1.7135e-09,12.978,-43.669,0.00055553,43.705,0.0010929,-0.04946,0.048367,-8.6848e-12,0.67208,-2.052e-13,1213.5,0,0,0,7.5862e-05,0,0.00038118,0.0075541
-2.8691e-13,-0.00044283,0.025037,-1.1662,8.0318e-10,-1.3327e-09,1.4523e-08,43.409,-1205.3,1.757e-09,11.648,-43.359,0.00055637,43.71,0.00088654,-0.04869,0.047803,-8.526e-12,0.66408,-2.3596e-13,1197.3,0,0,0,8.0226e-05,0,0.00037945,0.0075581
-2.8894e-13,-0.0004497,0.02522,-1.1852,8.0892e-10,-1.3304e-09,1.4491e-08,43.466,-1203.4,1.7652e-09,11.732,-43.467,0.00055639,43.711,0.00088173,-0.04878,0.047898,-8.5116e-12,0.663,-2.4176e-13,1195.3,0,0,0,8.063e-05,0,0.00037928,0.0075585
-2.9432e-13,-0.00045404,0.025809,-1.1985,8.2416e-10,-1.3271e-09,1.4366e-08,43.045,-1197.2,1.7773e-09,11.169,-43.261,0.00055702,43.712,0.0008154,-0.048438,0.047623,-8.4598e-12,0.66061,-2.5065e-13,1189.7,0,0,0,8.2053e-05,0,0.00037871,0.0075598
-3.1071e-13,-0.00049616,0.02743,-1.3145,8.7106e-10,-1.3081e-09,1.4183e-08,43.949,-1185.6,1.8616e-09,12.024,-43.701,0.00055874,43.698,0.0010782,-0.049417,0.048339,-8.4077e-12,0.65569,-3.0853e-13,1177.4,0,0,0,8.4866e-05,0,0.00037731,0.0075622
-3.1385e-13,-0.00049901,0.027797,-1.3227,8.8001e-10,-1.3048e-09,1.4134e-08,43.932,-1182.6,1.875e-09,12.041,-43.605,0.00055937,43.695,0.0011149,-0.049415,0.0483,-8.3939e-12,0.65472,-3.1818e-13,1174.4,0,0,0,8.5548e-05,0,0.00037698,0.0075628
-3.3297e-13,-0.00055259,0.0297,-1.4723,9.3544e-10,-1.2816e-09,1.3891e-08,44.828,-1166.9,1.9734e-09,13.05,-43.994,0.00056234,43.679,0.0014221,-0.050537,0.049115,-8.3325e-12,0.64878,-3.8796e-13,1157.8,0,0,0,8.8891e-05,0,0.00037531,0.0075657
-3.404e-13,-0.00055957,0.03058,-1.4929,9.5693e-10,-1.2736e-09,1.3766e-08,44.685,-1159.3,2.0039e-09,13.056,-43.662,0.00056403,43.671,0.0015124,-0.050444,0.048932,-8.2983e-12,0.64637,-4.1064e-13,1150.1,0,0,0,9.0549e-05,0,0.00037451,0.0075672
-3.5385e-13,-0.00060024,0.031928,-1.6082,9.9637e-10,-1.2573e-09,1.3575e-08,45.108,-1146.8,2.0713e-09,13.761,-43.728,0.00056683,43.659,0.0017387,-0.051123,0.049384,-8.2552e-12,0.64216,-4.6039e-13,1137,0,0,0,9.2953e-05,0,0.0003733,0.0075692
-3.6538e-13,-0.00061098,0.033314,-1.641,1.0302e-09,-1.2452e-09,1.3375e-08,44.666,-1134.5,2.1154e-09,13.711,-42.978,0.0005696,43.646,0.0018881,-0.050754,0.048866,-8.2e-12,0.6383,-4.9451e-13,1124.6,0,0,0,9.5606e-05,0,0.000372,0.0075716
-3.733e-13,-0.00063648,0.034114,-1.7145,1.0536e-09,-1.2356e-09,1.3255e-08,44.734,-1126.6,2.1527e-09,14.114,-42.809,0.00057141,43.639,0.0020385,-0.050981,0.048942,-8.1727e-12,0.63565,-5.2333e-13,1116.4,0,0,0,9.7057e-05,0,0.00037127,0.0075728
-3.8877e-13,-0.00065004,0.036,-1.758,1.0996e-09,-1.22e-09,1.2977e-08,43.796,-1109.7,2.2067e-09,13.955,-41.445,0.00057531,43.621,0.0022475,-0.05012,0.047872,-8.0958e-12,0.63034,-5.6709e-13,1099.2,0,0,0,0.00010072,0,0.00036946,0.007576
-3.9133e-13,-0.00065865,0.036261,-1.7833,1.1073e-09,-1.217e-09,1.2936e-08,43.742,-1107.1,2.2177e-09,14.077,-41.309,0.00057593,43.619,0.0023005,-0.050116,0.047816,-8.0866e-12,0.62945,-5.7606e-13,1096.5,0,0,0,0.00010121,0,0.00036922,0.0075764
-3.9968e-13,-0.00066499,0.037296,-1.8052,1.1325e-09,-1.2096e-09,1.2782e-08,43.036,-1097.7,2.244e-09,13.93,-40.378,0.00057814,43.609,0.0024131,-0.049438,0.047024,-8.0436e-12,0.62652,-5.9817e-13,1087,0,0,0,0.00010325,0,0.0003682,0.0075782
-4.1061e-13,-0.00070043,0.038425,-1.9068,1.1658e-09,-1.1974e-09,1.2669e-08,43.602,-1088.7,2.2946e-09,14.362,-40.968,0.00058032,43.608,0.002492,-0.050322,0.04783,-8.0275e-12,0.62341,-6.3667e-13,1077.7,0,0,0,0.00010511,0,0.00036712,0.0075797
-4.1242e-13,-0.00070425,0.038646,-1.9179,1.1714e-09,-1.1958e-09,1.2647e-08,43.617,-1087.1,2.3014e-09,14.359,-40.996,0.0005807,43.607,0.0024968,-0.050373,0.047876,-8.0229e-12,0.62289,-6.4186e-13,1076.1,0,0,0,0.00010549,0,0.0003669,0.00758
-4.3143e-13,-0.00076995,0.040611,-2.1089,1.23e-09,-1.1752e-09,1.2443e-08,44.261,-1071,2.3851e-09,15.097,-41.67,0.00058467,43.604,0.0026544,-0.051569,0.048914,-7.9937e-12,0.61735,-7.0754e-13,1059.6,0,0,0,0.00010876,0,0.00036498,0.0075827
-4.3674e-13,-0.00078152,0.041263,-2.1433,1.2465e-09,-1.1704e-09,1.2377e-08,44.225,-1066.3,2.404e-09,15.073,-41.669,0.00058582,43.603,0.0026712,-0.051634,0.048962,-7.9796e-12,0.61581,-7.2238e-13,1054.9,0,0,0,0.00010989,0,0.00036433,0.0075836
-4.5133e-13,-0.00083453,0.042774,-2.2998,1.292e-09,-1.1543e-09,1.2215e-08,44.449,-1053.8,2.4647e-09,15.611,-41.905,0.00058899,43.6,0.002808,-0.052271,0.049463,-7.9555e-12,0.61147,-7.7218e-13,1042,0,0,0,0.00011244,0,0.00036282,0.0075856
-4.6008e-13,-0.00085394,0.043856,-2.3587,1.3195e-09,-1.1461e-09,1.2104e-08,44.257,-1046,2.4939e-09,15.538,-41.766,0.00059094,43.598,0.0028397,-0.052232,0.049392,-7.9311e-12,0.6089,-7.9624e-13,1034.2,0,0,0,0.00011435,0,0.00036172,0.0075872
-4.7029e-13,-0.00089247,0.044916,-2.4744,1.3518e-09,-1.1357e-09,1.1987e-08,44.22,-1037.2,2.5338e-09,15.884,-41.731,0.00059325,43.596,0.0029462,-0.052473,0.049527,-7.9136e-12,0.60583,-8.3e-13,1025.1,0,0,0,0.00011616,0,0.00036064,0.0075887
-4.8243e-13,-0.00091944,0.046428,-2.5584,1.3906e-09,-1.1254e-09,1.1831e-08,43.767,-1026.1,2.5717e-09,15.727,-41.35,0.00059605,43.592,0.0029947,-0.052211,0.049216,-7.8795e-12,0.60223,-8.6192e-13,1014.2,0,0,0,0.00011887,0,0.00035907,0.0075909
-4.883e-13,-0.00094219,0.04704,-2.6279,1.4095e-09,-1.1198e-09,1.1761e-08,43.634,-1021,2.593e-09,15.902,-41.214,0.00059742,43.591,0.0030618,-0.052228,0.049166,-7.8691e-12,0.60044,-8.8066e-13,1008.9,0,0,0,0.00011993,0,0.00035843,0.0075917
-5.0379e-13,-0.00097604,0.048984,-2.7365,1.4599e-09,-1.1072e-09,1.1559e-08,42.822,-1006.9,2.6379e-09,15.62,-40.492,0.0006011,43.585,0.0031282,-0.051626,0.048497,-7.8245e-12,0.59581,-9.1999e-13,994.9,0,0,0,0.00012344,0,0.00035638,0.0075946
-5.0537e-13,-0.00098224,0.049149,-2.7558,1.4651e-09,-1.1058e-09,1.1539e-08,42.756,-1005.5,2.6431e-09,15.659,-40.425,0.00060148,43.585,0.0031476,-0.051597,0.048449,-7.8217e-12,0.59533,-9.2489e-13,993.48,0,0,0,0.00012373,0,0.0003562,0.0075948
-5.1148e-13,-0.00099516,0.049924,-2.7987,1.4854e-09,-1.101e-09,1.1458e-08,42.344,-999.88,2.6596e-09,15.512,-40.048,0.00060297,43.582,0.003175,-0.051252,0.048077,-7.8036e-12,0.59349,-9.3995e-13,987.94,0,0,0,0.00012514,0,0.00035537,0.0075959
-5.2431e-13,-0.0010378,0.051326,-2.9304,1.5272e-09,-1.0886e-09,1.1348e-08,42.185,-989.84,2.7083e-09,16.018,-39.675,0.00060581,43.576,0.0033825,-0.051275,0.047892,-7.7997e-12,0.58992,-9.8135e-13,977.4,0,0,0,0.00012732,0,0.00035391,0.0075976
-5.2623e-13,-0.0010417,0.051573,-2.943,1.5335e-09,-1.0869e-09,1.133e-08,42.13,-988.23,2.7145e-09,16.045,-39.593,0.00060626,43.574,0.0034052,-0.051231,0.047826,-7.7977e-12,0.58937,-9.8669e-13,975.76,0,0,0,0.00012772,0,0.00035365,0.0075979
-5.4424e-13,-0.0011025,0.053537,-3.1346,1.5932e-09,-1.0701e-09,1.1172e-08,41.691,-974.04,2.7798e-09,16.728,-38.847,0.00061038,43.565,0.0037108,-0.051023,0.047312,-7.7921e-12,0.58428,-1.0441e-12,960.86,0,0,0,0.0001308,0,0.00035158,0.0076001
-5.4921e-13,-0.0011125,0.054178,-3.1677,1.6099e-09,-1.0657e-09,1.1124e-08,41.502,-969.86,2.7951e-09,16.785,-38.589,0.00061157,43.561,0.0037714,-0.050856,0.047084,-7.787e-12,0.58284,-1.0577e-12,956.58,0,0,0,0.00013185,0,0.00035089,0.0076009
-5.6353e-13,-0.0011613,0.055738,-3.3247,1.6581e-09,-1.0524e-09,1.0993e-08,40.982,-958.5,2.8444e-09,17.297,-37.821,0.00061497,43.554,0.0040253,-0.050497,0.046472,-7.7816e-12,0.57876,-1.1029e-12,944.67,0,0,0,0.00013433,0,0.00034921,0.0076027
-5.7157e-13,-0.0011772,0.056775,-3.3789,1.6857e-09,-1.0456e-09,1.0914e-08,40.601,-951.71,2.868e-09,17.367,-37.33,0.00061695,43.548,0.004126,-0.05014,0.046014,-7.7735e-12,0.57642,-1.1245e-12,937.74,0,0,0,0.00013603,0,0.00034808,0.007604
-5.8217e-13,-0.0012133,0.057928,-3.4979,1.7221e-09,-1.0361e-09,1.0816e-08,40.092,-943.27,2.9024e-09,17.716,-36.635,0.00061955,43.542,0.0043218,-0.04973,0.045408,-7.7696e-12,0.57337,-1.1575e-12,928.89,0,0,0,0.00013789,0,0.00034682,0.0076054
-5.933e-13,-0.0012347,0.059367,-3.5732,1.761e-09,-1.0271e-09,1.0704e-08,39.464,-933.82,2.9332e-09,17.777,-35.855,0.00062237,43.535,0.0044645,-0.049114,0.044649,-7.7586e-12,0.57009,-1.1867e-12,919.27,0,0,0,0.00014028,0,0.00034522,0.0076072
-6.0017e-13,-0.0012578,0.060112,-3.6515,1.7851e-09,-1.0214e-09,1.0639e-08,39.057,-928.35,2.9542e-09,17.98,-35.327,0.00062411,43.531,0.0045959,-0.048756,0.04416,-7.7562e-12,0.56811,-1.2076e-12,913.54,0,0,0,0.0001415,0,0.00034438,0.007608
-6.1442e-13,-0.0012839,0.061958,-3.7475,1.8361e-09,-1.0106e-09,1.0493e-08,38.126,-916.21,2.9915e-09,18.008,-34.203,0.00062783,43.521,0.0047819,-0.047812,0.04303,-7.7412e-12,0.56389,-1.2442e-12,901.21,0,0,0,0.0001446,0,0.0003423,0.0076103
-6.175e-13,-0.0012941,0.062291,-3.7831,1.8472e-09,-1.0082e-09,1.0462e-08,37.91,-913.75,3.0003e-09,18.087,-33.932,0.00062864,43.52,0.0048429,-0.04761,0.042767,-7.74e-12,0.563,-1.2534e-12,898.64,0,0,0,0.00014515,0,0.00034191,0.0076107
-6.31e-13,-0.0013173,0.064043,-3.8729,1.8966e-09,-9.9818e-10,1.032e-08,36.913,-902.22,3.0339e-09,18.06,-32.754,0.00063227,43.51,0.0050218,-0.046569,0.041548,-7.725e-12,0.55897,-1.2878e-12,886.96,0,0,0,0.00014813,0,0.0003399,0.0076129
-6.3495e-13,-0.0013303,0.06448,-3.9163,1.9107e-09,-9.9489e-10,1.0291e-08,36.788,-899.31,3.0466e-09,18.166,-32.599,0.00063321,43.509,0.0050783,-0.046487,0.041409,-7.7273e-12,0.55791,-1.2998e-12,883.94,0,0,0,0.00014879,0,0.0003394,0.0076134
-6.355e-13,-0.0013315,0.064551,-3.9207,1.9127e-09,-9.9442e-10,1.0287e-08,36.766,-898.88,3.0481e-09,18.17,-32.576,0.00063334,43.509,0.0050836,-0.046469,0.041386,-7.7273e-12,0.55776,-1.3013e-12,883.5,0,0,0,0.0001489,0,0.00033932,0.0076134
-6.5517e-13,-0.0013957,0.066714,-4.1416,1.9844e-09,-9.778e-10,1.014e-08,35.97,-884.39,3.1084e-09,18.652,-31.625,0.00063817,43.503,0.0053788,-0.045851,0.040472,-7.7391e-12,0.55243,-1.361e-12,868.46,0,0,0,0.00015224,0,0.00033682,0.0076157
-6.5857e-13,-0.0014032,0.067153,-4.1686,1.9969e-09,-9.7489e-10,1.0113e-08,35.815,-881.71,3.1175e-09,18.668,-31.456,0.00063903,43.501,0.005413,-0.045709,0.040296,-7.7395e-12,0.55147,-1.3699e-12,865.74,0,0,0,0.00015293,0,0.00033631,0.0076161
-6.7499e-13,-0.0014561,0.068949,-4.3558,2.0581e-09,-9.6169e-10,9.9866e-09,35.012,-869.61,3.1655e-09,19.028,-30.521,0.00064319,43.496,0.0056703,-0.045018,0.039348,-7.7498e-12,0.547,-1.4192e-12,853.19,0,0,0,0.00015574,0,0.00033419,0.007618
-6.813e-13,-0.0014696,0.069762,-4.406,2.082e-09,-9.5679e-10,9.9351e-09,34.683,-864.59,3.1815e-09,19.041,-30.163,0.00064484,43.493,0.0057361,-0.0447,0.038964,-7.7505e-12,0.5452,-1.4355e-12,848.13,0,0,0,0.00015703,0,0.00033323,0.0076188
-6.9438e-13,-0.0015109,0.071186,-4.5568,2.1318e-09,-9.4633e-10,9.8309e-09,33.937,-854.95,3.2178e-09,19.288,-29.31,0.00064826,43.488,0.0059494,-0.044012,0.038063,-7.7582e-12,0.54162,-1.4747e-12,838.15,0,0,0,0.00015928,0,0.00033151,0.0076203
-7.0369e-13,-0.0015298,0.072382,-4.6306,2.168e-09,-9.3891e-10,9.7534e-09,33.39,-847.53,3.2402e-09,19.283,-28.721,0.00065077,43.484,0.0060491,-0.043463,0.037414,-7.7597e-12,0.53895,-1.4987e-12,830.67,0,0,0,0.00016121,0,0.00033007,0.0076216
-7.1334e-13,-0.0015595,0.073427,-4.7425,2.2056e-09,-9.31e-10,9.6747e-09,32.766,-840.42,3.2655e-09,19.434,-28.016,0.00065337,43.481,0.0062124,-0.042856,0.036644,-7.7657e-12,0.5363,-1.5276e-12,823.34,0,0,0,0.00016289,0,0.00032879,0.0076226
-7.2574e-13,-0.0015833,0.075016,-4.8399,2.255e-09,-9.2067e-10,9.5692e-09,31.961,-830.51,3.2937e-09,19.39,-27.155,0.00065683,43.475,0.0063485,-0.04202,0.035672,-7.7681e-12,0.53272,-1.5598e-12,813.37,0,0,0,0.00016548,0,0.00032684,0.0076243
-7.3187e-13,-0.0016015,0.075676,-4.911,2.2796e-09,-9.1585e-10,9.5183e-09,31.52,-826.01,3.3088e-09,19.466,-26.663,0.00065854,43.473,0.0064557,-0.041573,0.035118,-7.7723e-12,0.53103,-1.578e-12,808.73,0,0,0,0.00016655,0,0.00032601,0.007625
-7.4746e-13,-0.0016291,0.077667,-5.0315,2.3434e-09,-9.036e-10,9.3811e-09,30.416,-813.51,3.3427e-09,19.362,-25.489,0.00066303,43.466,0.0066301,-0.040393,0.033763,-7.7749e-12,0.52649,-1.6181e-12,796.19,0,0,0,0.00016983,0,0.00032351,0.0076272
-7.4994e-13,-0.0016362,0.077934,-5.0602,2.3536e-09,-9.0176e-10,9.3597e-09,30.221,-811.69,3.3484e-09,19.384,-25.273,0.00066374,43.465,0.006675,-0.040188,0.033513,-7.7765e-12,0.5258,-1.6254e-12,794.32,0,0,0,0.00017027,0,0.00032317,0.0076274
-7.6173e-13,-0.0016552,0.079436,-5.1492,2.4034e-09,-8.9269e-10,9.2524e-09,29.32,-802.2,3.3727e-09,19.267,-24.321,0.00066725,43.459,0.0068092,-0.0392,0.032391,-7.7782e-12,0.52234,-1.6557e-12,784.84,0,0,0,0.00017278,0,0.00032125,0.007629
-7.6885e-13,-0.0016741,0.080221,-5.2237,2.4323e-09,-8.868e-10,9.2033e-09,28.943,-797.07,3.3919e-09,19.396,-23.857,0.00066923,43.457,0.0069346,-0.038811,0.031877,-7.7881e-12,0.52039,-1.6774e-12,779.54,0,0,0,0.00017399,0,0.00032026,0.0076297
-7.6981e-13,-0.0016758,0.080344,-5.231,2.4363e-09,-8.86e-10,9.1964e-09,28.894,-796.31,3.3941e-09,19.401,-23.799,0.00066951,43.456,0.0069471,-0.038759,0.031812,-7.7892e-12,0.52011,-1.68e-12,778.77,0,0,0,0.00017418,0,0.0003201,0.0076299
-7.9005e-13,-0.0017274,0.082555,-5.443,2.5209e-09,-8.6973e-10,9.0524e-09,27.714,-781.74,3.446e-09,19.719,-22.373,0.00067532,43.448,0.0073139,-0.037499,0.030185,-7.818e-12,0.51451,-1.7415e-12,763.75,0,0,0,0.00017765,0,0.00031724,0.0076318
-7.9393e-13,-0.001734,0.083051,-5.4722,2.5375e-09,-8.6661e-10,9.024e-09,27.499,-778.67,3.4546e-09,19.73,-22.121,0.00067649,43.447,0.0073658,-0.037261,0.029895,-7.8227e-12,0.51336,-1.7518e-12,760.65,0,0,0,0.00017843,0,0.0003166,0.0076323
-8.1101e-13,-0.0017755,0.084901,-5.6508,2.611e-09,-8.5308e-10,8.8983e-09,26.417,-766.38,3.496e-09,19.953,-20.833,0.00068157,43.44,0.0076843,-0.036068,0.028383,-7.8477e-12,0.50861,-1.8038e-12,748.01,0,0,0,0.00018138,0,0.00031415,0.0076339
-8.1796e-13,-0.0017863,0.085781,-5.7023,2.6415e-09,-8.4729e-10,8.8455e-09,26.002,-760.88,3.5107e-09,19.956,-20.355,0.00068374,43.437,0.007779,-0.035598,0.027819,-7.8559e-12,0.50654,-1.8224e-12,742.47,0,0,0,0.00018279,0,0.00031299,0.0076347
-8.3174e-13,-0.0018179,0.087262,-5.8456,2.7026e-09,-8.3622e-10,8.7408e-09,25.065,-750.98,3.5424e-09,20.098,-19.253,0.00068798,43.432,0.0080427,-0.034533,0.02649,-7.8767e-12,0.50268,-1.8648e-12,732.32,0,0,0,0.00018519,0,0.00031099,0.007636
-8.419e-13,-0.0018323,0.088539,-5.9196,2.7486e-09,-8.2733e-10,8.6604e-09,24.416,-742.91,3.5628e-09,20.075,-18.515,0.00069128,43.427,0.0081833,-0.033781,0.025598,-7.8889e-12,0.49961,-1.8925e-12,724.21,0,0,0,0.00018727,0,0.00030926,0.0076372
-8.5222e-13,-0.0018543,0.089638,-6.0256,2.7959e-09,-8.1886e-10,8.5793e-09,23.672,-735.52,3.5852e-09,20.151,-17.648,0.00069457,43.423,0.0083858,-0.032911,0.024525,-7.905e-12,0.49671,-1.9246e-12,716.66,0,0,0,0.00018908,0,0.00030774,0.0076382
-8.6576e-13,-0.0018712,0.091329,-6.1218,2.8594e-09,-8.0698e-10,8.4691e-09,22.757,-724.74,3.611e-09,20.084,-16.618,0.00069914,43.417,0.0085762,-0.031826,0.02325,-7.9222e-12,0.49258,-1.962e-12,705.86,0,0,0,0.00019188,0,0.0003054,0.0076397
-8.7244e-13,-0.0018842,0.092034,-6.1894,2.8911e-09,-8.0182e-10,8.4144e-09,22.25,-719.97,3.6246e-09,20.113,-16.034,0.00070135,43.415,0.0087103,-0.031218,0.022507,-7.9327e-12,0.49069,-1.9827e-12,701,0,0,0,0.00019306,0,0.0003044,0.0076403
-8.8955e-13,-0.0019024,0.094154,-6.307,2.9742e-09,-7.8716e-10,8.2697e-09,21.037,-706.33,3.6554e-09,19.981,-14.68,0.00070735,43.407,0.0089537,-0.029746,0.020792,-7.955e-12,0.48541,-2.0303e-12,687.38,0,0,0,0.00019663,0,0.0003014,0.0076423
-8.9238e-13,-0.0019074,0.094451,-6.3351,2.9881e-09,-7.8508e-10,8.2457e-09,20.813,-704.32,3.6608e-09,19.984,-14.423,0.00070832,43.406,0.0090119,-0.029469,0.020457,-7.9597e-12,0.48461,-2.0391e-12,685.34,0,0,0,0.00019713,0,0.00030096,0.0076425
-9.063e-13,-0.0019194,0.096163,-6.427,3.0584e-09,-7.7341e-10,8.124e-09,19.783,-693.2,3.684e-09,19.836,-13.285,0.00071341,43.4,0.0092123,-0.028192,0.01898,-7.9789e-12,0.48027,-2.0779e-12,674.27,0,0,0,0.00020006,0,0.00029848,0.0076441
-9.1321e-13,-0.0019326,0.096902,-6.4942,3.0918e-09,-7.677e-10,8.075e-09,19.36,-688.27,3.6986e-09,19.879,-12.8,0.00071572,43.398,0.0093356,-0.027686,0.018351,-7.994e-12,0.47829,-2.0992e-12,669.27,0,0,0,0.00020127,0,0.00029741,0.0076446
-9.1415e-13,-0.0019338,0.097017,-6.5009,3.0964e-09,-7.6685e-10,8.0684e-09,19.306,-687.53,3.7002e-09,19.878,-12.74,0.00071606,43.397,0.0093482,-0.027622,0.018274,-7.996e-12,0.478,-2.1017e-12,668.52,0,0,0,0.00020146,0,0.00029724,0.0076447
-9.3672e-13,-0.0019731,0.099404,-6.7168,3.2096e-09,-7.4796e-10,7.9021e-09,17.854,-671.46,3.745e-09,19.965,-11.09,0.00072394,43.39,0.0097619,-0.025835,0.016073,-8.0472e-12,0.4715,-2.1723e-12,652.25,0,0,0,0.00020543,0,0.00029369,0.0076465
-9.4094e-13,-0.0019777,0.099918,-6.7463,3.2312e-09,-7.441e-10,7.8704e-09,17.601,-668.13,3.752e-09,19.947,-10.81,0.00072551,43.389,0.0098196,-0.025523,0.015704,-8.0562e-12,0.47018,-2.1839e-12,648.92,0,0,0,0.00020629,0,0.00029293,0.0076469
-9.602e-13,-0.0020075,0.10193,-6.9267,3.3318e-09,-7.2834e-10,7.7227e-09,16.311,-654.45,3.7879e-09,19.975,-9.3548,0.00073253,43.383,0.010182,-0.02389,0.013708,-8.1018e-12,0.46458,-2.2448e-12,635.12,0,0,0,0.00020972,0,0.00028984,0.0076484
-9.6791e-13,-0.0020144,0.10286,-6.9788,3.3729e-09,-7.2135e-10,7.6623e-09,15.831,-648.33,3.8001e-09,19.925,-8.8263,0.00073554,43.38,0.01029,-0.023281,0.012991,-8.1191e-12,0.46212,-2.2665e-12,629.02,0,0,0,0.00021131,0,0.00028843,0.0076491
-9.8363e-13,-0.0020354,0.10449,-7.1223,3.4587e-09,-7.0898e-10,7.5375e-09,14.745,-637.21,3.8278e-09,19.909,-7.6081,0.00074153,43.375,0.010593,-0.021863,0.01127,-8.1585e-12,0.45751,-2.3169e-12,617.83,0,0,0,0.00021414,0,0.00028585,0.0076503
-9.951e-13,-0.0020432,0.10586,-7.1966,3.5226e-09,-6.9903e-10,7.4452e-09,14.007,-628.11,3.8446e-09,19.809,-6.8026,0.00074621,43.371,0.010756,-0.020904,0.010147,-8.1866e-12,0.45381,-2.3493e-12,608.79,0,0,0,0.00021653,0,0.00028371,0.0076513
-1.007e-12,-0.0020564,0.10707,-7.302,3.5908e-09,-6.8954e-10,7.3469e-09,13.164,-619.7,3.8638e-09,19.766,-5.8616,0.00075096,43.368,0.010992,-0.019768,0.0087752,-8.2185e-12,0.45028,-2.3882e-12,600.37,0,0,0,0.0002187,0,0.00028172,0.0076522
-1.0225e-12,-0.0020634,0.1089,-7.397,3.6813e-09,-6.7596e-10,7.2173e-09,12.143,-607.4,3.8846e-09,19.594,-4.7529,0.0007576,43.362,0.011217,-0.018402,0.0071852,-8.2591e-12,0.44521,-2.433e-12,588.19,0,0,0,0.00022196,0,0.00027876,0.0076536
-1.0304e-12,-0.0020701,0.1097,-7.4639,3.7286e-09,-6.6981e-10,7.1496e-09,11.579,-601.89,3.8963e-09,19.546,-4.1269,0.00076089,43.36,0.011376,-0.017617,0.0062414,-8.2812e-12,0.44286,-2.4591e-12,582.71,0,0,0,0.00022342,0,0.00027742,0.0076541
-1.0502e-12,-0.0020742,0.11201,-7.578,3.8506e-09,-6.5195e-10,6.9742e-09,10.25,-586.15,3.9207e-09,19.277,-2.6913,0.00076983,43.353,0.011668,-0.015785,0.0041172,-8.335e-12,0.43629,-2.5182e-12,567.18,0,0,0,0.00022765,0,0.00027355,0.0076559
-1.0537e-12,-0.0020762,0.11235,-7.6061,3.8726e-09,-6.4927e-10,6.943e-09,9.9994,-583.74,3.9255e-09,19.248,-2.4149,0.00077135,43.352,0.01174,-0.015425,0.0036851,-8.3453e-12,0.43524,-2.53e-12,564.79,0,0,0,0.0002283,0,0.00027294,0.0076561
-1.0708e-12,-0.0020751,0.11433,-7.6974,3.9843e-09,-6.3369e-10,6.7836e-09,8.8356,-570.12,3.9448e-09,18.972,-1.1655,0.00077952,43.346,0.011997,-0.01377,0.0017728,-8.3951e-12,0.42946,-2.5829e-12,551.41,0,0,0,0.00023202,0,0.00026951,0.0076575
-1.078e-12,-0.0020806,0.11506,-7.7534,4.0286e-09,-6.2749e-10,6.7266e-09,8.4039,-565.02,3.9556e-09,18.955,-0.67578,0.00078266,43.344,0.012134,-0.013157,0.0010228,-8.4193e-12,0.42725,-2.6067e-12,546.31,0,0,0,0.00023335,0,0.00026825,0.0076579
-1.079e-12,-0.0020809,0.11517,-7.7592,4.0349e-09,-6.2656e-10,6.7185e-09,8.3481,-564.22,3.9568e-09,18.947,-0.61408,0.00078313,43.344,0.012148,-0.013078,0.00092972,-8.4227e-12,0.42691,-2.6096e-12,545.52,0,0,0,0.00023356,0,0.00026805,0.007658
-1.1055e-12,-0.0020945,0.11782,-7.9579,4.2092e-09,-6.044e-10,6.4983e-09,6.7298,-545.38,3.9938e-09,18.822,1.2102,0.00079543,43.337,0.01267,-0.010696,-0.0019739,-8.5203e-12,0.41862,-2.6996e-12,526.78,0,0,0,0.0002386,0,0.00026324,0.0076595
-1.1105e-12,-0.0020949,0.11839,-7.9847,4.2425e-09,-5.9979e-10,6.4574e-09,6.449,-541.42,3.999e-09,18.771,1.5184,0.00079792,43.336,0.012745,-0.010288,-0.0024562,-8.5394e-12,0.4169,-2.7144e-12,522.86,0,0,0,0.00023967,0,0.00026223,0.0076599
-1.1333e-12,-0.0021004,0.12063,-8.1467,4.4021e-09,-5.8107e-10,6.2603e-09,5.0551,-525.29,4.0274e-09,18.612,3.0798,0.00080913,43.33,0.013205,-0.0081562,-0.0050485,-8.6318e-12,0.40966,-2.7936e-12,506.89,0,0,0,0.00024409,0,0.00025798,0.0076611
-1.1426e-12,-0.0020987,0.12167,-8.1929,4.4684e-09,-5.7212e-10,6.18e-09,4.528,-517.9,4.0358e-09,18.496,3.6539,0.00081408,43.328,0.013347,-0.0073623,-0.0059846,-8.6708e-12,0.4064,-2.8221e-12,499.61,0,0,0,0.00024613,0,0.00025604,0.0076617
-1.1613e-12,-0.0020976,0.12349,-8.3177,4.6092e-09,-5.5624e-10,6.0082e-09,3.39,-504.7,4.0569e-09,18.324,4.9209,0.0008239,43.323,0.013736,-0.0055473,-0.0081886,-8.7529e-12,0.40036,-2.8902e-12,486.61,0,0,0,0.00024984,0,0.00025244,0.0076627
-1.1753e-12,-0.0020912,0.12503,-8.3806,4.7163e-09,-5.4316e-10,5.8784e-09,2.5994,-493.59,4.0679e-09,18.118,5.7753,0.00083185,43.32,0.013955,-0.0043077,-0.0096468,-8.8154e-12,0.39536,-2.9347e-12,475.72,0,0,0,0.00025298,0,0.00024943,0.0076635
-1.1896e-12,-0.0020858,0.12639,-8.469,4.8324e-09,-5.3135e-10,5.7378e-09,1.744,-483.55,4.0824e-09,17.956,6.7215,0.0008399,43.317,0.014261,-0.0028792,-0.011382,-8.8833e-12,0.39065,-2.9889e-12,465.88,0,0,0,0.00025589,0,0.00024659,0.0076642
-1.2086e-12,-0.0020713,0.12846,-8.5446,4.9904e-09,-5.1396e-10,5.5499e-09,0.67829,-468.41,4.0944e-09,17.633,7.8635,0.00085157,43.312,0.014566,-0.0011322,-0.013434,-8.9779e-12,0.38369,-3.0517e-12,451.09,0,0,0,0.00026027,0,0.00024234,0.0076652
-1.2181e-12,-0.0020644,0.12935,-8.5982,5.0743e-09,-5.0654e-10,5.4522e-09,0.12592,-461.77,4.1026e-09,17.506,8.4707,0.00085733,43.31,0.014776,-0.00016107,-0.014615,-9.0294e-12,0.3805,-3.0889e-12,444.63,0,0,0,0.00026227,0,0.00024038,0.0076656
-1.2426e-12,-0.0020377,0.13196,-8.6813,5.2967e-09,-4.8479e-10,5.1965e-09,-1.2178,-442.26,4.1132e-09,17.038,9.8979,0.00087363,43.304,0.015181,0.0021555,-0.017337,-9.169e-12,0.3713,-3.1723e-12,425.65,0,0,0,0.00026809,0,0.0002347,0.0076668
-1.2468e-12,-0.0020331,0.13235,-8.7028,5.3381e-09,-4.8154e-10,5.1498e-09,-1.4556,-439.3,4.1161e-09,16.973,10.158,0.00087644,43.304,0.015279,0.0025987,-0.017878,-9.1951e-12,0.36983,-3.1897e-12,422.78,0,0,0,0.00026901,0,0.00023378,0.007667
-1.2689e-12,-0.0020013,0.13466,-8.7636,5.5594e-09,-4.617e-10,4.9041e-09,-2.627,-421.69,4.1237e-09,16.505,11.39,0.00089252,43.299,0.015657,0.004738,-0.020395,-9.3404e-12,0.3613,-3.2709e-12,405.74,0,0,0,0.00027444,0,0.00022844,0.0076679
-1.2769e-12,-0.0019951,0.13541,-8.8032,5.6354e-09,-4.5493e-10,4.8238e-09,-3.0272,-415.91,4.1295e-09,16.409,11.829,0.00089787,43.298,0.015821,0.0054715,-0.021293,-9.3929e-12,0.35846,-3.3019e-12,400.09,0,0,0,0.0002762,0,0.00022669,0.0076682
-1.278e-12,-0.001994,0.13552,-8.8068,5.6461e-09,-4.5383e-10,4.8128e-09,-3.0786,-415.02,4.1298e-09,16.391,11.884,0.00089868,43.298,0.015839,0.0055639,-0.021403,-9.4006e-12,0.35802,-3.3056e-12,399.22,0,0,0,0.00027647,0,0.00022643,0.0076682
-1.3106e-12,-0.0019564,0.13855,-8.9485,5.9939e-09,-4.2533e-10,4.4559e-09,-4.6517,-391.23,4.146e-09,15.93,13.598,0.00092298,43.294,0.016545,0.0086489,-0.025194,-9.6489e-12,0.34597,-3.4393e-12,376.1,0,0,0,0.00028403,0,0.0002189,0.0076689
-1.3164e-12,-0.0019487,0.13914,-8.9637,6.0563e-09,-4.1968e-10,4.394e-09,-4.9083,-386.54,4.1466e-09,15.828,13.87,0.00092763,43.293,0.016643,0.009143,-0.025786,-9.6958e-12,0.34363,-3.4597e-12,371.54,0,0,0,0.00028549,0,0.00021744,0.0076691
-1.3449e-12,-0.0019042,0.14174,-9.0679,6.4022e-09,-3.9516e-10,4.0457e-09,-6.2106,-365.53,4.1544e-09,15.371,15.277,0.00095156,43.29,0.017297,0.011909,-0.029206,-9.9473e-12,0.33261,-3.5846e-12,351.23,0,0,0,0.0002925,0,0.00021045,0.0076694
-1.3555e-12,-0.001886,0.1428,-9.0883,6.5326e-09,-3.8486e-10,3.918e-09,-6.6576,-356.84,4.1533e-09,15.163,15.744,0.0009612,43.289,0.017486,0.012841,-0.030327,-1.0047e-11,0.32811,-3.6251e-12,342.8,0,0,0,0.00029534,0,0.00020761,0.0076696
-1.3795e-12,-0.0018373,0.14498,-9.159,6.8741e-09,-3.641e-10,3.5832e-09,-7.6866,-338.65,4.1557e-09,14.73,16.844,0.00098458,43.288,0.018086,0.015251,-0.033337,-1.0303e-11,0.31818,-3.7424e-12,325.32,0,0,0,0.00030174,0,0.00020121,0.0076696
-1.3948e-12,-0.0018045,0.1465,-9.1764,7.095e-09,-3.4907e-10,3.3747e-09,-8.2914,-325.78,4.1489e-09,14.397,17.467,0.0010008,43.287,0.018382,0.016644,-0.035026,-1.048e-11,0.31126,-3.8056e-12,312.9,0,0,0,0.00030618,0,0.00019678,0.0076697
-1.4142e-12,-0.0017543,0.14827,-9.2193,7.4312e-09,-3.3184e-10,3.0619e-09,-9.0614,-310.39,4.1437e-09,14.007,18.28,0.0010235,43.288,0.01893,0.018684,-0.037614,-1.0749e-11,0.30244,-3.9118e-12,298.17,0,0,0,0.00031195,0,0.00019102,0.0076694
-1.4339e-12,-0.0017027,0.15021,-9.2251,7.7737e-09,-3.1219e-10,2.7547e-09,-9.7708,-293.28,4.1271e-09,13.541,18.996,0.0010483,43.287,0.019356,0.020538,-0.039894,-1.104e-11,0.29281,-4.0019e-12,281.72,0,0,0,0.0003182,0,0.00018477,0.0076692
-1.449e-12,-0.0016535,0.15162,-9.2472,8.1077e-09,-2.977e-10,2.4554e-09,-10.313,-280.42,4.1158e-09,13.206,19.56,0.0010706,43.289,0.019863,0.022229,-0.042092,-1.132e-11,0.28502,-4.0986e-12,269.48,0,0,0,0.00032339,0,0.00017962,0.0076685
-1.4719e-12,-0.0015799,0.15389,-9.2337,8.614e-09,-2.73e-10,2.0145e-09,-11.049,-259.26,4.0876e-09,12.616,20.283,0.0011069,43.291,0.020452,0.024511,-0.044964,-1.1768e-11,0.27243,-4.2242e-12,249.21,0,0,0,0.0003317,0,0.00017135,0.0076677
-1.4831e-12,-0.001532,0.15501,-9.243,8.9623e-09,-2.6065e-10,1.7115e-09,-11.412,-248.29,4.0719e-09,12.332,20.654,0.0011299,43.294,0.020949,0.025938,-0.046887,-1.2072e-11,0.26534,-4.3166e-12,238.81,0,0,0,0.00033653,0,0.00016661,0.0076667
-1.5066e-12,-0.001436,0.15747,-9.208,9.6856e-09,-2.3281e-10,1.1065e-09,-12.075,-223.74,4.0242e-09,11.66,21.281,0.001181,43.3,0.021753,0.028566,-0.050319,-1.2751e-11,0.24972,-4.4781e-12,215.36,0,0,0,0.00034704,0,0.00015626,0.0076649
-1.5146e-12,-0.0013851,0.15846,-9.2127,1.0111e-08,-2.2088e-10,7.5475e-10,-12.316,-213.19,3.9985e-09,11.403,21.525,0.0012088,43.305,0.022335,0.029922,-0.052257,-1.3152e-11,0.24231,-4.5754e-12,205.41,0,0,0,0.00035222,0,0.00015129,0.0076635
-1.5344e-12,-0.0012721,0.16087,-9.1668,1.1109e-08,-1.9038e-10,-3.3778e-11,-12.794,-186.85,3.9209e-09,10.738,21.956,0.0012783,43.317,0.023427,0.03273,-0.056157,-1.4167e-11,0.22411,-4.7658e-12,180.32,0,0,0,0.00036478,0,0.00013915,0.0076603
-1.5387e-12,-0.0012028,0.16198,-9.1826,1.1841e-08,-1.7574e-10,-6.1672e-10,-12.947,-173.42,3.8665e-09,10.454,22.129,0.0013252,43.327,0.024412,0.034457,-0.058869,-1.4906e-11,0.21363,-4.8963e-12,167.72,0,0,0,0.00037234,0,0.00013211,0.0076575
-1.5478e-12,-0.0010912,0.16397,-9.1599,1.3108e-08,-1.4709e-10,-1.5956e-09,-13.152,-149,3.7674e-09,9.9414,22.314,0.0014116,43.345,0.025832,0.037103,-0.062935,-1.6268e-11,0.19486,-5.0997e-12,144.54,0,0,0,0.00038573,0,0.00011956,0.0076528
-1.5341e-12,-0.00095955,0.16569,-9.2755,1.51e-08,-1.2153e-10,-3.1948e-09,-13.06,-124.26,3.614e-09,9.565,22.442,0.0015354,43.376,0.028662,0.040212,-0.068875,-1.834e-11,0.1726,-5.3473e-12,121.57,0,0,0,0.00040247,0,0.00010472,0.0076451
-1.5282e-12,-0.00089696,0.1666,-9.3101,1.6132e-08,-1.0654e-10,-4.01e-09,-13.004,-111.03,3.5343e-09,9.383,22.46,0.0016034,43.392,0.029943,0.041677,-0.07162,-1.9472e-11,0.16084,-5.4657e-12,109.1,0,0,0,0.00041124,0,9.6887e-05,0.0076411
-1.4893e-12,-0.00082294,0.1674,-9.617,1.8212e-08,-9.0756e-11,-5.916e-09,-12.864,-96.125,3.3927e-09,9.3367,22.562,0.001722,43.423,0.03307,0.043864,-0.076934,-2.1216e-11,0.1442,-5.5911e-12,95.708,0,0,0,0.00042423,0,8.6121e-05,0.0076339
-1.4359e-12,-0.00073928,0.16852,-10.701,2.1427e-08,-6.5372e-11,-8.8218e-09,-13.079,-74.502,3.2574e-09,9.842,23.734,0.0018768,43.478,0.039887,0.048515,-0.088403,-2.3651e-11,0.1183,-5.9059e-12,77.358,0,0,0,0.00044412,0,7.0269e-05,0.0076219
-1.2904e-12,-0.00068476,0.16892,-13.017,2.7242e-08,-4.2342e-11,-1.0768e-08,-13.293,-59.253,3.1013e-09,10.135,26.198,0.0019959,43.543,0.051869,0.051684,-0.10355,-3.413e-11,0.092919,-5.9125e-12,68.6,0,0,0,0.00046501,0,5.5381e-05,0.0076072
-1.1295e-12,-0.00064176,0.16921,-18.016,3.4519e-08,-2.493e-11,-1.3098e-08,-14.691,-41.902,3.0534e-09,10.339,32.51,0.0020053,43.631,0.071288,0.057437,-0.12873,-4.375e-11,0.061884,-5.9308e-12,66.135,0,0,0,0.0004906,0,3.8634e-05,0.0075879
-1.1217e-12,-0.00065876,0.16915,-18.89,3.5246e-08,-2.4367e-11,-1.322e-08,-15.121,-41.236,3.1116e-09,10.651,33.833,0.001985,43.645,0.074162,0.05864,-0.1328,-4.4526e-11,0.059313,-5.9918e-12,67.537,0,0,0,0.00049454,0,3.6402e-05,0.0075846
-1.1176e-12,-0.00065954,0.16912,-19.286,3.5562e-08,-2.4551e-11,-1.3263e-08,-15.261,-40.927,3.1259e-09,10.674,34.398,0.0019705,43.651,0.075392,0.059005,-0.1344,-4.4639e-11,0.058421,-5.9986e-12,68.31,0,0,0,0.00049609,0,3.554e-05,0.0075833
-1.1025e-12,-0.00078363,0.16865,-24.896,3.9004e-08,-2.4051e-11,-1.3853e-08,-18.246,-38.252,3.474e-09,12.112,43.157,0.0018468,43.713,0.090439,0.065665,-0.1561,-4.7045e-11,0.04722,-6.2028e-12,80.347,0,0,0,0.00051343,0,2.6934e-05,0.0075683
-1.0896e-12,-0.00079772,0.16845,-27.707,4.0721e-08,-2.5823e-11,-1.411e-08,-19.358,-36.863,3.5702e-09,12.209,47.295,0.0017702,43.739,0.097544,0.06799,-0.16553,-4.7305e-11,0.04328,-6.2029e-12,86.814,0,0,0,0.00052104,0,2.3241e-05,0.0075616
-1.0949e-12,-0.00091331,0.16797,-32.512,4.3101e-08,-2.0673e-11,-1.4543e-08,-22.082,-35.301,3.8103e-09,12.983,54.986,0.0016846,43.778,0.10819,0.073054,-0.18125,-4.8462e-11,0.036943,-6.2426e-12,98.725,0,0,0,0.00053224,0,1.8595e-05,0.0075514
-1.0887e-12,-0.00095661,0.16743,-38.433,4.612e-08,-1.4057e-11,-1.5051e-08,-24.621,-33.319,3.9579e-09,13.035,63.859,0.001572,43.818,0.12068,0.077569,-0.19825,-4.8794e-11,0.031849,-6.1639e-12,113.41,0,0,0,0.00054447,0,1.3666e-05,0.0075402
-1.1013e-12,-0.001045,0.16702,-41.834,4.7568e-08,-1.072e-11,-1.5348e-08,-26.665,-32.549,4.0784e-09,13.298,69.41,0.0015259,43.839,0.12706,0.080872,-0.20793,-4.9319e-11,0.02902,-6.1183e-12,122.53,0,0,0,0.00055104,0,1.1547e-05,0.007534
-1.1133e-12,-0.0011311,0.16601,-50.871,5.1614e-08,-2.3623e-12,-1.6142e-08,-30.83,-30.482,4.2149e-09,13.166,83.132,0.0014053,43.888,0.1434,0.08744,-0.23084,-4.9751e-11,0.024349,-5.905e-12,145.86,0,0,0,0.00056672,0,6.6851e-06,0.0075191
-1.1243e-12,-0.001184,0.16573,-52.728,5.232e-08,-9.3712e-13,-1.6309e-08,-32.014,-30.217,4.2542e-09,13.183,86.217,0.0013862,43.898,0.14642,0.089165,-0.23558,-4.9945e-11,0.023447,-5.854e-12,151.08,0,0,0,0.00056996,0,5.971e-06,0.0075159
-1.1625e-12,-0.0013243,0.16414,-64.144,5.6958e-08,8.3096e-12,-1.7368e-08,-37.678,-28.586,4.3348e-09,12.826,103.81,0.0012751,43.951,0.16453,0.097346,-0.26188,-5.0394e-11,0.020097,-5.5327e-12,181.39,0,0,0,0.00058807,0,2.2105e-06,0.0074982
-1.1678e-12,-0.001345,0.16402,-64.785,5.7177e-08,8.2845e-12,-1.7428e-08,-38.114,-28.549,4.3386e-09,12.797,104.89,0.00127,43.954,0.16545,0.097936,-0.26339,-5.0435e-11,0.019946,-5.5074e-12,183.26,0,0,0,0.00058916,0,2.089e-06,0.0074971
-1.2358e-12,-0.0015479,0.16182,-77.33,6.1826e-08,7.9978e-14,-1.8664e-08,-44.871,-27.787,4.3096e-09,12.279,124.61,0.0011761,44.009,0.18324,0.10711,-0.29035,-5.07e-11,0.018226,-5.0707e-12,217.46,0,0,0,0.0006088,0,1.6027e-07,0.0074776
-1.2363e-12,-0.0015496,0.16181,-77.375,6.184e-08,7.7595e-14,-1.8669e-08,-44.905,-27.789,4.3092e-09,12.275,124.69,0.0011758,44.009,0.18329,0.10716,-0.29045,-5.0701e-11,0.018224,-5.0684e-12,217.6,0,0,0,0.00060888,0,1.6039e-07,0.0074775
-1.3327e-12,-0.0018193,0.15906,-89.634,6.5856e-08,-9.0497e-12,-1.9962e-08,-52.197,-28.154,4.1769e-09,11.709,144.51,0.0011012,44.063,0.19898,0.11669,-0.31567,-5.0494e-11,0.018093,-4.5931e-12,252.11,0,0,0,0.00062919,0,4.5523e-07,0.0074572
-1.3345e-12,-0.001825,0.15902,-89.755,6.5886e-08,-8.8863e-12,-1.9974e-08,-52.295,-28.174,4.1742e-09,11.694,144.72,0.0011005,44.064,0.19912,0.11681,-0.31594,-5.0488e-11,0.018109,-4.5865e-12,252.49,0,0,0,0.00062944,0,4.828e-07,0.007457
-1.4544e-12,-0.0021565,0.1559,-100.46,6.8794e-08,8.5607e-12,-2.1171e-08,-59.523,-29.699,3.9891e-09,11.179,162.73,0.0010445,44.115,0.2115,0.1261,-0.33759,-4.9708e-11,0.019329,-4.1802e-12,283.99,0,0,0,0.00064949,0,3.0175e-06,0.0074371
-1.4684e-12,-0.0022004,0.15561,-101.16,6.8908e-08,8.838e-12,-2.1249e-08,-60.18,-29.927,3.9584e-09,11.065,164.06,0.0010409,44.12,0.21222,0.12691,-0.33914,-4.9612e-11,0.019566,-4.1303e-12,286.34,0,0,0,0.00065118,0,3.3938e-06,0.0074354
-1.6019e-12,-0.0025745,0.15239,-109.43,7.0464e-08,8.8606e-12,-2.2208e-08,-66.757,-32.404,3.7098e-09,10.623,178.73,0.0010016,44.166,0.22071,0.13532,-0.35604,-4.8306e-11,0.021806,-3.7307e-12,312.15,0,0,0,0.00066994,0,7.7729e-06,0.0074172
-1.6433e-12,-0.0027033,0.15155,-110.88,7.0487e-08,9.3775e-12,-2.2381e-08,-68.41,-33.249,3.6098e-09,10.318,181.72,0.00099436,44.177,0.22198,0.1374,-0.35938,-4.7881e-11,0.022694,-3.5993e-12,317.47,0,0,0,0.00067458,0,9.2706e-06,0.0074128
-1.7722e-12,-0.0030757,0.14865,-116.22,7.0713e-08,9.9549e-12,-2.3016e-08,-73.688,-36.132,3.3653e-09,9.9701,191.98,0.00096978,44.215,0.22664,0.14421,-0.37085,-4.6239e-11,0.025367,-3.2781e-12,335.69,0,0,0,0.00069069,0,1.4622e-05,0.0073976
-1.8551e-12,-0.0033346,0.147,-118.14,7.0279e-08,1.1028e-11,-2.325e-08,-76.572,-38.049,3.1759e-09,9.4166,196.53,0.00095972,44.235,0.22789,0.14793,-0.37581,-4.5194e-11,0.027369,-3.0582e-12,343.87,0,0,0,0.00069926,0,1.8132e-05,0.0073898
-1.9556e-12,-0.0036329,0.14484,-120.81,6.9741e-08,1.1499e-11,-2.3573e-08,-80.114,-40.493,3.0192e-09,9.1515,202.4,0.00094679,44.261,0.22963,0.15261,-0.38223,-4.3701e-11,0.029671,-2.8731e-12,354.39,0,0,0,0.00071054,0,2.2851e-05,0.0073795
-2.1003e-12,-0.004087,0.1421,-122.58,6.8234e-08,1.2379e-11,-2.3753e-08,-84.496,-44.206,2.7032e-09,8.267,208.04,0.00093496,44.293,0.22982,0.15848,-0.3883,-4.1627e-11,0.033528,-2.5399e-12,364.7,0,0,0,0.0007248,0,2.9758e-05,0.0073671
-2.1583e-12,-0.0042624,0.14094,-123.36,6.7587e-08,1.1627e-11,-2.3841e-08,-86.276,-45.74,2.6201e-09,8.1192,210.38,0.00093008,44.306,0.2299,0.16093,-0.39083,-4.0681e-11,0.034987,-2.4506e-12,368.96,0,0,0,0.00073083,0,3.2724e-05,0.0073618
-2.3483e-12,-0.0048656,0.13748,-124.08,6.4825e-08,1.8098e-11,-2.3872e-08,-91.371,-50.992,2.1975e-09,6.9723,215.45,0.0009197,44.345,0.2282,0.16805,-0.39625,-3.7662e-11,0.040476,-2.0409e-12,378.49,0,0,0,0.0007489,0,4.2646e-05,0.0073467
-2.3836e-12,-0.0050089,0.13706,-123.93,6.4115e-08,1.9089e-11,-2.3624e-08,-92.039,-52.551,2.183e-09,7.0175,215.94,0.00091857,44.349,0.22763,0.16907,-0.3967,-3.7185e-11,0.041837,-2.0261e-12,379.52,0,0,0,0.00075096,0,4.3975e-05,0.0073451
-2.3962e-12,-0.0050623,0.13691,-123.9,6.3888e-08,1.9368e-11,-2.3539e-08,-92.274,-53.062,2.1647e-09,6.9376,216.13,0.00091813,44.35,0.22746,0.16941,-0.39687,-3.7044e-11,0.042346,-2.0074e-12,379.93,0,0,0,0.00075167,0,4.4415e-05,0.0073446
-2.658e-12,-0.0061515,0.13392,-121.67,5.8097e-08,2.4487e-11,-2.1477e-08,-96.64,-64.902,2.0628e-09,7.0451,218.07,0.0009131,44.378,0.22197,0.17637,-0.39833,-3.3409e-11,0.052902,-1.9126e-12,384.72,0,0,0,0.00076622,0,5.4603e-05,0.0073342
-2.7776e-12,-0.0066653,0.13256,-120.81,5.5721e-08,2.7141e-11,-2.0572e-08,-98.567,-69.922,1.8839e-09,6.2513,219.06,0.00091043,44.391,0.21977,0.17928,-0.39905,-3.1999e-11,0.057978,-1.7418e-12,387.25,0,0,0,0.00077279,0,5.9029e-05,0.0073293
-2.9404e-12,-0.0073572,0.13081,-118.88,5.1888e-08,2.979e-11,-1.9171e-08,-100.98,-77.404,1.8177e-09,6.1571,219.41,0.0009088,44.407,0.21576,0.18329,-0.39905,-2.9717e-11,0.064802,-1.6833e-12,388.84,0,0,0,0.00078152,0,6.5547e-05,0.0073235
-3.1782e-12,-0.0083933,0.12819,-116.4,4.6799e-08,3.7699e-11,-1.7215e-08,-104.31,-87.651,1.4715e-09,4.4864,220.1,0.00090577,44.432,0.21049,0.1886,-0.39908,-2.6797e-11,0.075338,-1.3682e-12,391.77,0,0,0,0.00079438,0,7.4828e-05,0.0073146
-3.2256e-12,-0.0085986,0.12771,-115.71,4.5633e-08,3.8749e-11,-1.6784e-08,-104.94,-89.855,1.4512e-09,4.4098,220.01,0.00090563,44.436,0.20919,0.18969,-0.39887,-2.6125e-11,0.077397,-1.3507e-12,391.92,0,0,0,0.00079686,0,7.6779e-05,0.0073131
-3.3317e-12,-0.0090652,0.12659,-114.33,4.3249e-08,4.2281e-11,-1.5857e-08,-106.24,-94.496,1.3044e-09,3.6193,219.84,0.00090507,44.446,0.20651,0.19187,-0.39838,-2.4792e-11,0.082258,-1.2202e-12,392.46,0,0,0,0.00080255,0,8.1109e-05,0.0073094
-3.413e-12,-0.0098938,0.12463,-113.59,4.0745e-08,4.7925e-11,-1.3466e-08,-105.89,-103.05,1.1591e-09,2.9506,219.12,0.00090404,44.457,0.20516,0.19123,-0.3964,-2.4661e-11,0.090495,-1.092e-12,393.48,0,0,0,0.00081183,0,8.9003e-05,0.0073045
-3.4592e-12,-0.010361,0.12351,-113.3,3.9471e-08,5.16e-11,-1.2211e-08,-105.64,-107.42,1.03e-09,1.9894,218.75,0.00090324,44.464,0.20456,0.19072,-0.39528,-2.4622e-11,0.095207,-9.7675e-13,394.27,0,0,0,0.00081703,0,9.3306e-05,0.0073016
-3.5394e-12,-0.011222,0.12157,-112.26,3.6793e-08,5.7208e-11,-9.6746e-09,-104.93,-116.19,8.9858e-10,1.1392,217.37,0.00090312,44.474,0.20289,0.18964,-0.39253,-2.4492e-11,0.10387,-8.6196e-13,394.4,0,0,0,0.00082657,0,0.00010167,0.007297
-3.6553e-12,-0.012455,0.1187,-111.04,3.3283e-08,6.5167e-11,-6.2701e-09,-103.72,-127.69,5.8546e-10,-1.482,215.4,0.00090253,44.49,0.20083,0.18761,-0.38844,-2.4381e-11,0.11655,-5.8606e-13,394.98,0,0,0,0.00084038,0,0.00011348,0.0072899
-3.6624e-12,-0.012535,0.11853,-110.92,3.3029e-08,6.569e-11,-6.031e-09,-103.63,-128.49,5.7497e-10,-1.5752,215.23,0.00090259,44.491,0.20065,0.18748,-0.38813,-2.4369e-11,0.11736,-5.7688e-13,394.93,0,0,0,0.00084126,0,0.00011428,0.0072895
-3.6738e-12,-0.012662,0.11824,-110.76,3.2657e-08,6.6322e-11,-5.6749e-09,-103.46,-129.67,5.471e-10,-1.8533,214.94,0.00090266,44.493,0.2004,0.18721,-0.38761,-2.4357e-11,0.11868,-5.5236e-13,394.86,0,0,0,0.0008427,0,0.00011554,0.0072888
-3.7108e-12,-0.013929,0.11548,-109.8,2.992e-08,7.3272e-11,-3.5518e-09,-101.61,-142.61,4.1662e-10,-3.4455,211.74,0.00090226,44.508,0.19835,0.18357,-0.38191,-2.3794e-11,0.1317,-4.3836e-13,395.27,0,0,0,0.00085595,0,0.00012801,0.0072843
-3.7425e-12,-0.01494,0.11321,-109.13,2.7875e-08,7.9605e-11,-1.9253e-09,-99.853,-152.15,2.6019e-10,-5.6816,209.02,0.00090187,44.521,0.19687,0.18014,-0.37701,-2.3405e-11,0.14229,-3.0456e-13,395.65,0,0,0,0.00086669,0,0.00013798,0.0072803
-3.7517e-12,-0.0153,0.11245,-108.8,2.7086e-08,8.1722e-11,-1.3167e-09,-99.214,-155.77,2.352e-10,-6.1913,207.93,0.000902,44.525,0.19623,0.17894,-0.37517,-2.3246e-11,0.14603,-2.8301e-13,395.53,0,0,0,0.00087051,0,0.00014161,0.0072791
-3.7628e-12,-0.01571,0.11154,-108.44,2.6235e-08,8.4358e-11,-6.4711e-10,-98.355,-159.59,1.8561e-10,-7.1255,206.59,0.00090216,44.53,0.19554,0.17734,-0.37288,-2.3085e-11,0.15038,-2.4143e-13,395.36,0,0,0,0.00087497,0,0.00014582,0.0072776
-3.7519e-12,-0.016654,0.10939,-107.51,2.4562e-08,9.0551e-11,5.7901e-10,-95.714,-170.43,1.5424e-10,-8.5151,203.12,0.00090205,44.54,0.1939,0.17262,-0.36652,-2.268e-11,0.16133,-2.166e-13,395.5,0,0,0,0.00088513,0,0.00015578,0.0072756
-3.7416e-12,-0.017691,0.10694,-106.52,2.2801e-08,9.7923e-11,1.8945e-09,-92.433,-181.56,9.5648e-11,-10.881,198.94,0.00090204,44.552,0.19217,0.16676,-0.35893,-2.2277e-11,0.17354,-1.726e-13,395.49,0,0,0,0.00089656,0,0.00016691,0.007273
-3.7374e-12,-0.017969,0.10632,-106.21,2.23e-08,9.9864e-11,2.2583e-09,-91.56,-184.71,9.6964e-11,-11.333,197.78,0.00090217,44.555,0.19164,0.16522,-0.35686,-2.2157e-11,0.17681,-1.748e-13,395.37,0,0,0,0.00089963,0,0.00016993,0.0072725
-3.7342e-12,-0.018196,0.10578,-105.95,2.1907e-08,1.0139e-10,2.5499e-09,-90.759,-187.11,9.1841e-11,-11.864,196.75,0.00090232,44.558,0.19122,0.16381,-0.35503,-2.2068e-11,0.17951,-1.7206e-13,395.22,0,0,0,0.00090222,0,0.00017247,0.007272
-3.6882e-12,-0.019244,0.10322,-104.69,2.0266e-08,1.0936e-10,3.7033e-09,-86.801,-200.3,1.4433e-10,-13.558,191.51,0.000902,44.568,0.18888,0.15661,-0.34549,-2.1622e-11,0.1928,-2.2392e-13,395.57,0,0,0,0.00091424,0,0.00018446,0.0072712
-3.6462e-12,-0.020215,0.10076,-103.5,1.8785e-08,1.1662e-10,4.7626e-09,-82.684,-211.8,1.82e-10,-15.778,186.18,0.00090199,44.579,0.18671,0.14915,-0.33586,-2.1239e-11,0.20525,-2.6696e-13,395.55,0,0,0,0.00092571,0,0.00019589,0.0072701
-3.6296e-12,-0.020458,0.10011,-103.18,1.8435e-08,1.1878e-10,5.0022e-09,-81.552,-215.23,2.0592e-10,-16.149,184.73,0.00090173,44.581,0.18608,0.14708,-0.33316,-2.1135e-11,0.20859,-2.896e-13,395.82,0,0,0,0.00092866,0,0.00019883,0.0072702
-3.5925e-12,-0.020997,0.098617,-102.44,1.7674e-08,1.2362e-10,5.5305e-09,-78.753,-222.42,2.6162e-10,-17.302,181.19,0.00090136,44.587,0.18467,0.14198,-0.32665,-2.0917e-11,0.21602,-3.4508e-13,396.18,0,0,0,0.00093538,0,0.00020556,0.0072703
-3.548e-12,-0.021607,0.096971,-101.54,1.6785e-08,1.2902e-10,6.1361e-09,-75.63,-230.84,3.4562e-10,-18.332,177.18,0.00090106,44.593,0.18299,0.1363,-0.31929,-2.0653e-11,0.22446,-4.243e-13,396.51,0,0,0,0.00094307,0,0.00021324,0.0072707
-3.5301e-12,-0.02185,0.096288,-101.17,1.6433e-08,1.3105e-10,6.3772e-09,-74.246,-234.02,3.8002e-10,-18.872,175.42,0.00090105,44.595,0.18231,0.13379,-0.3161,-2.0553e-11,0.22784,-4.5801e-13,396.51,0,0,0,0.00094627,0,0.00021643,0.0072708
-3.4508e-12,-0.022667,0.093836,-99.821,1.5294e-08,1.3915e-10,7.1316e-09,-69.129,-246.85,5.3911e-10,-20.136,168.95,0.0008999,44.603,0.17966,0.12443,-0.30409,-2.0182e-11,0.24017,-6.058e-13,397.7,0,0,0,0.00095737,0,0.00022744,0.0072723
-3.4015e-12,-0.023163,0.092293,-98.952,1.4603e-08,1.4369e-10,7.5903e-09,-65.694,-254.25,6.4418e-10,-21.133,164.65,0.00089947,44.609,0.178,0.11816,-0.29615,-1.9961e-11,0.24768,-7.0586e-13,398.11,0,0,0,0.00096442,0,0.00023443,0.0072731
-3.3442e-12,-0.023634,0.090706,-98.063,1.3955e-08,1.4923e-10,8.0088e-09,-62.08,-262.76,7.6866e-10,-21.755,160.15,0.0008983,44.613,0.17618,0.11154,-0.28772,-1.973e-11,0.25549,-8.2004e-13,399.33,0,0,0,0.00097143,0,0.00024128,0.0072747
-3.2704e-12,-0.02422,0.088655,-96.876,1.314e-08,1.5583e-10,8.5338e-09,-57.113,-272.88,9.3646e-10,-22.759,153.99,0.00089719,44.62,0.17382,0.10245,-0.27627,-1.9445e-11,0.26522,-9.7735e-13,400.41,0,0,0,0.0009806,0,0.00025025,0.0072766
-3.229e-12,-0.024496,0.087595,-96.267,1.2753e-08,1.5961e-10,8.7801e-09,-54.494,-278.7,1.0314e-09,-23.035,150.76,0.00089613,44.623,0.17253,0.097673,-0.2702,-1.9297e-11,0.27031,-1.0633e-12,401.53,0,0,0,0.0009852,0,0.00025465,0.0072779
-3.1407e-12,-0.025063,0.085332,-94.915,1.1944e-08,1.6724e-10,9.2892e-09,-48.575,-290.16,1.2461e-09,-23.771,143.49,0.00089434,44.629,0.16976,0.086853,-0.25661,-1.8989e-11,0.28073,-1.2616e-12,403.32,0,0,0,0.00099517,0,0.00026421,0.0072807
-3.1075e-12,-0.025245,0.084523,-94.439,1.1676e-08,1.7027e-10,9.4554e-09,-46.426,-294.68,1.3253e-09,-23.871,140.86,0.00089333,44.631,0.16872,0.082946,-0.25167,-1.8878e-11,0.2845,-1.3324e-12,404.4,0,0,0,0.00099862,0,0.00026744,0.0072819
-3.0147e-12,-0.025729,0.082278,-93.055,1.0946e-08,1.7841e-10,9.9e-09,-40.13,-306.3,1.5627e-09,-24.221,133.19,0.00089101,44.637,0.16581,0.071473,-0.23728,-1.8573e-11,0.29447,-1.549e-12,406.77,0,0,0,0.0010084,0,0.00027658,0.0072854
-2.9821e-12,-0.025876,0.081511,-92.591,1.0714e-08,1.816e-10,1.004e-08,-37.945,-310.67,1.6437e-09,-24.208,130.54,0.00088986,44.639,0.16478,0.067526,-0.2323,-1.8468e-11,0.29792,-1.6208e-12,408,0,0,0,0.0010116,0,0.00027952,0.0072867
-2.8938e-12,-0.026248,0.079455,-91.284,1.0099e-08,1.8966e-10,1.0401e-08,-31.794,-321.52,1.8767e-09,-24.176,123.08,0.00088724,44.645,0.16196,0.05637,-0.21833,-1.8188e-11,0.30668,-1.8309e-12,410.72,0,0,0,0.0010205,0,0.00028759,0.0072903
-2.8556e-12,-0.026388,0.078576,-90.737,9.8541e-09,1.9341e-10,1.0547e-08,-29.124,-326.6,1.9759e-09,-24.036,119.86,0.00088572,44.647,0.16072,0.051584,-0.21231,-1.807e-11,0.31047,-1.9178e-12,412.37,0,0,0,0.0010241,0,0.00029082,0.007292
-2.7784e-12,-0.026646,0.076827,-89.591,9.3704e-09,2.0015e-10,1.0826e-08,-23.57,-335.95,2.1871e-09,-23.704,113.16,0.0008831,44.651,0.15821,0.041569,-0.19978,-1.7834e-11,0.31756,-2.1056e-12,415.13,0,0,0,0.0010316,0,0.00029742,0.0072955
-2.7299e-12,-0.026786,0.07573,-88.89,9.0871e-09,2.0488e-10,1.0993e-08,-20.027,-342.35,2.3172e-09,-23.372,108.92,0.00088095,44.653,0.1566,0.035275,-0.19188,-1.7689e-11,0.32209,-2.218e-12,417.48,0,0,0,0.0010361,0,0.00030129,0.0072978
-2.6686e-12,-0.026943,0.074364,-87.969,8.7358e-09,2.0997e-10,1.1191e-08,-15.441,-349.73,2.4926e-09,-22.873,103.41,0.00087861,44.657,0.15456,0.027065,-0.18162,-1.7506e-11,0.32731,-2.3719e-12,419.99,0,0,0,0.0010418,0,0.00030624,0.0073007
-2.6068e-12,-0.027076,0.072979,-87.06,8.4023e-09,2.1604e-10,1.1382e-08,-10.701,-357.87,2.6615e-09,-22.251,97.76,0.0008756,44.66,0.15244,0.018725,-0.17117,-1.7323e-11,0.33273,-2.5159e-12,423.31,0,0,0,0.0010474,0,0.00031092,0.0073038
-2.5642e-12,-0.027154,0.072042,-86.409,8.1767e-09,2.1988e-10,1.1505e-08,-7.3824,-362.96,2.7858e-09,-21.743,93.79,0.0008738,44.662,0.15098,0.01283,-0.16381,-1.7197e-11,0.33609,-2.6239e-12,425.26,0,0,0,0.0010513,0,0.00031419,0.007306
-2.4875e-12,-0.027269,0.070325,-85.251,7.79e-09,2.2765e-10,1.1724e-08,-1.1764,-373.06,3.0017e-09,-20.717,86.427,0.00086974,44.666,0.14828,0.0020236,-0.1503,-1.6972e-11,0.34239,-2.8057e-12,429.81,0,0,0,0.0010582,0,0.00031974,0.00731
-2.4651e-12,-0.027295,0.069836,-84.902,7.6794e-09,2.298e-10,1.1783e-08,0.64403,-375.72,3.0682e-09,-20.363,84.257,0.0008687,44.667,0.14749,-0.001183,-0.1463,-1.6906e-11,0.34402,-2.8629e-12,430.94,0,0,0,0.0010602,0,0.00032138,0.0073111
-2.3725e-12,-0.027373,0.067765,-83.468,7.2407e-09,2.3913e-10,1.2028e-08,8.5331,-387.88,3.336e-09,-18.809,74.933,0.00086343,44.672,0.14412,-0.014773,-0.12935,-1.6636e-11,0.35109,-3.0854e-12,436.91,0,0,0,0.0010684,0,0.00032779,0.0073162
-2.3708e-12,-0.027374,0.067728,-83.44,7.2327e-09,2.3929e-10,1.2032e-08,8.6797,-388.08,3.3412e-09,-18.775,74.759,0.00086334,44.672,0.14406,-0.015029,-0.12903,-1.6631e-11,0.35121,-3.0898e-12,437.01,0,0,0,0.0010685,0,0.00032791,0.0073163
-2.3635e-12,-0.027376,0.067563,-83.323,7.1997e-09,2.4005e-10,1.205e-08,9.34,-389.04,3.3629e-09,-18.626,73.981,0.00086289,44.672,0.14378,-0.016154,-0.12763,-1.661e-11,0.35173,-3.1076e-12,437.52,0,0,0,0.0010691,0,0.0003284,0.0073167
-2.2805e-12,-0.027386,0.06578,-82.002,6.8292e-09,2.4871e-10,1.2247e-08,16.43,-400.2,3.6141e-09,-16.642,65.57,0.00085791,44.676,0.14068,-0.028265,-0.11241,-1.6364e-11,0.35754,-3.3119e-12,443.38,0,0,0,0.0010764,0,0.00033381,0.0073215
-2.2611e-12,-0.027384,0.065346,-81.695,6.7448e-09,2.5111e-10,1.2296e-08,18.191,-403.13,3.6713e-09,-16.174,63.502,0.00085651,44.677,0.13993,-0.031199,-0.10873,-1.6308e-11,0.35903,-3.3567e-12,445.08,0,0,0,0.001078,0,0.00033502,0.0073226
-2.1945e-12,-0.027352,0.063911,-80.602,6.4619e-09,2.5827e-10,1.2445e-08,24.168,-412.09,3.8782e-09,-14.319,56.432,0.00085225,44.68,0.13735,-0.041294,-0.09606,-1.6112e-11,0.3633,-3.5229e-12,450.15,0,0,0,0.0010838,0,0.0003392,0.0073266
-2.1546e-12,-0.027326,0.063015,-79.949,6.2964e-09,2.6307e-10,1.254e-08,27.996,-418.1,3.997e-09,-13.216,51.952,0.00084922,44.682,0.13577,-0.047588,-0.088181,-1.5995e-11,0.36613,-3.6142e-12,453.88,0,0,0,0.0010872,0,0.00034159,0.007329
-2.1124e-12,-0.027281,0.0621,-79.234,6.125e-09,2.6739e-10,1.2628e-08,31.976,-423.77,4.1303e-09,-11.866,47.257,0.00084636,44.684,0.13409,-0.054234,-0.079854,-1.587e-11,0.36858,-3.7197e-12,457.33,0,0,0,0.0010908,0,0.00034415,0.0073315
-2.0531e-12,-0.027207,0.060756,-78.229,5.8889e-09,2.7448e-10,1.2761e-08,38.003,-432.69,4.3108e-09,-10.001,40.225,0.00084163,44.687,0.13166,-0.064012,-0.067647,-1.5695e-11,0.37244,-3.8562e-12,463.21,0,0,0,0.0010958,0,0.00034757,0.0073352
-2.0339e-12,-0.027175,0.060336,-77.892,5.8138e-09,2.7656e-10,1.2798e-08,39.91,-435.26,4.3725e-09,-9.3008,37.981,0.00084025,44.688,0.13087,-0.06716,-0.063709,-1.5637e-11,0.37343,-3.9044e-12,464.89,0,0,0,0.0010974,0,0.0003487,0.0073364
-1.9665e-12,-0.027053,0.058791,-76.706,5.5552e-09,2.8494e-10,1.2942e-08,47.162,-445.33,4.5835e-09,-6.8985,29.543,0.00083462,44.692,0.12802,-0.078774,-0.049251,-1.5437e-11,0.37736,-4.062e-12,471.97,0,0,0,0.0011031,0,0.00035246,0.0073406
-1.9586e-12,-0.027037,0.05862,-76.566,5.5249e-09,2.8595e-10,1.2958e-08,47.954,-446.58,4.6091e-09,-6.5684,28.612,0.00083397,44.692,0.12769,-0.080045,-0.047643,-1.5413e-11,0.37783,-4.0809e-12,472.82,0,0,0,0.0011038,0,0.0003529,0.0073411
-1.9563e-12,-0.027033,0.058569,-76.527,5.5164e-09,2.8629e-10,1.2963e-08,48.199,-446.99,4.616e-09,-6.4788,28.328,0.00083375,44.692,0.12759,-0.080427,-0.047164,-1.5406e-11,0.37799,-4.0858e-12,473.11,0,0,0,0.0011039,0,0.00035301,0.0073412
-1.8858e-12,-0.026855,0.057036,-75.242,5.2568e-09,2.9561e-10,1.3101e-08,55.598,-458.07,4.846e-09,-3.2439,19.646,0.00082771,44.695,0.12453,-0.092151,-0.032375,-1.5192e-11,0.38169,-4.2536e-12,481.1,0,0,0,0.0011099,0,0.00035671,0.0073459
-1.8628e-12,-0.026795,0.056504,-74.823,5.1728e-09,2.9896e-10,1.3152e-08,58.26,-462.17,4.9187e-09,-2.2337,16.566,0.00082541,44.696,0.1235,-0.096234,-0.027265,-1.5124e-11,0.38313,-4.3036e-12,484.23,0,0,0,0.0011118,0,0.00035787,0.0073474
-1.8159e-12,-0.026651,0.055473,-73.938,5.0057e-09,3.0485e-10,1.3239e-08,63.447,-469.51,5.0742e-09,0.1386,10.496,0.00082122,44.699,0.1214,-0.10434,-0.017061,-1.498e-11,0.38527,-4.415e-12,489.84,0,0,0,0.0011157,0,0.00036025,0.0073505
-1.7737e-12,-0.026517,0.054481,-73.137,4.8558e-09,3.108e-10,1.333e-08,68.651,-477,5.2113e-09,2.1907,4.4923,0.00081685,44.701,0.11946,-0.11221,-0.0072532,-1.4853e-11,0.38763,-4.5075e-12,495.9,0,0,0,0.0011192,0,0.00036231,0.0073533
-1.7487e-12,-0.026425,0.053924,-72.647,4.7691e-09,3.1383e-10,1.3374e-08,71.565,-480.89,5.296e-09,3.5835,1.0887,0.00081452,44.703,0.11831,-0.11671,-0.001605,-1.4775e-11,0.38858,-4.5672e-12,499.05,0,0,0,0.0011213,0,0.00036354,0.007355
-1.6885e-12,-0.026201,0.052491,-71.459,4.5615e-09,3.2265e-10,1.35e-08,79.423,-491.41,5.4959e-09,6.8121,-7.9521,0.00080809,44.707,0.11548,-0.12842,0.012944,-1.4593e-11,0.39144,-4.7e-12,508.05,0,0,0,0.0011263,0,0.00036638,0.0073591
-1.6837e-12,-0.02618,0.052382,-71.361,4.5451e-09,3.2327e-10,1.3508e-08,80.014,-492.15,5.5126e-09,7.1074,-8.6416,0.00080762,44.707,0.11525,-0.12932,0.014074,-1.4578e-11,0.39158,-4.7117e-12,508.69,0,0,0,0.0011267,0,0.00036661,0.0073594
-1.6679e-12,-0.026112,0.051999,-71.035,4.4918e-09,3.256e-10,1.354e-08,82.201,-494.86,5.5664e-09,8.0463,-11.153,0.00080588,44.708,0.11448,-0.13254,0.018058,-1.453e-11,0.39219,-4.747e-12,511.15,0,0,0,0.001128,0,0.00036734,0.0073605
-1.6206e-12,-0.025899,0.050946,-70.064,4.3341e-09,3.3292e-10,1.3631e-08,88.053,-503.77,5.7296e-09,11.257,-17.986,0.00080078,44.71,0.11218,-0.14115,0.028967,-1.4384e-11,0.3942,-4.8529e-12,518.69,0,0,0,0.0011319,0,0.00036942,0.0073638
-1.6061e-12,-0.025834,0.050597,-69.766,4.2857e-09,3.3544e-10,1.3666e-08,90.1,-506.9,5.7785e-09,12.185,-20.335,0.00079898,44.711,0.11146,-0.14405,0.032595,-1.434e-11,0.39502,-4.8822e-12,521.46,0,0,0,0.0011331,0,0.00037003,0.0073649
-1.5595e-12,-0.025599,0.049542,-68.771,4.1337e-09,3.4238e-10,1.3753e-08,96.206,-515.61,5.9425e-09,15.618,-27.445,0.00079379,44.714,0.10913,-0.15291,0.043775,-1.4195e-11,0.39662,-4.9866e-12,529.26,0,0,0,0.001137,0,0.00037201,0.0073682
-1.5268e-12,-0.025434,0.04874,-68.072,4.0268e-09,3.4834e-10,1.3828e-08,101.13,-522.56,6.0559e-09,17.905,-33.083,0.00078962,44.717,0.10746,-0.1598,0.052336,-1.4096e-11,0.39817,-5.0536e-12,535.75,0,0,0,0.0011396,0,0.00037335,0.0073705
-1.5002e-12,-0.025284,0.048127,-67.482,3.9418e-09,3.5232e-10,1.3876e-08,104.81,-527.46,6.1511e-09,20.028,-37.357,0.00078657,44.718,0.1061,-0.16506,0.058958,-1.4011e-11,0.39883,-5.1132e-12,540.39,0,0,0,0.0011418,0,0.00037445,0.0073724
-1.4506e-12,-0.025004,0.046887,-66.374,3.7827e-09,3.6145e-10,1.3989e-08,112.77,-537.77,6.3291e-09,23.833,-46.44,0.00078008,44.722,0.1035,-0.17603,0.072531,-1.3861e-11,0.40066,-5.2169e-12,550.61,0,0,0,0.0011458,0,0.00037642,0.0073759
-1.4426e-12,-0.024953,0.046698,-66.188,3.7575e-09,3.627e-10,1.4003e-08,113.94,-539.23,6.3587e-09,24.531,-47.801,0.00077913,44.723,0.10308,-0.17769,0.07461,-1.3835e-11,0.40078,-5.2352e-12,552.07,0,0,0,0.0011465,0,0.00037674,0.0073765
-1.4168e-12,-0.024791,0.046041,-65.585,3.6762e-09,3.6715e-10,1.4059e-08,118.33,-544.43,6.4539e-09,26.706,-52.803,0.00077569,44.726,0.1017,-0.18367,0.081972,-1.3755e-11,0.40141,-5.2897e-12,557.56,0,0,0,0.0011486,0,0.00037774,0.0073783
-1.3864e-12,-0.024593,0.04534,-64.871,3.5815e-09,3.7271e-10,1.4125e-08,122.84,-551.51,6.5654e-09,29.614,-58.002,0.00077169,44.727,0.10007,-0.18974,0.089676,-1.3661e-11,0.40247,-5.3524e-12,564.28,0,0,0,0.0011511,0,0.00037885,0.0073806
-1.3767e-12,-0.024531,0.045094,-64.644,3.5511e-09,3.7484e-10,1.4152e-08,124.55,-554.1,6.6009e-09,30.478,-59.93,0.00077022,44.728,0.09954,-0.19197,0.092426,-1.3632e-11,0.40298,-5.3705e-12,566.85,0,0,0,0.0011519,0,0.00037919,0.0073813
-1.3316e-12,-0.02421,0.044033,-63.543,3.4129e-09,3.8314e-10,1.4247e-08,131.66,-564.47,6.77e-09,35.113,-68.105,0.00076413,44.731,0.097071,-0.20141,0.10434,-1.349e-11,0.40409,-5.4637e-12,577.26,0,0,0,0.0011557,0,0.00038078,0.0073847
-1.3048e-12,-0.024022,0.043338,-62.889,3.3301e-09,3.8909e-10,1.4321e-08,136.73,-571.46,6.8724e-09,37.71,-73.795,0.00075999,44.733,0.095581,-0.2079,0.11231,-1.341e-11,0.40518,-5.5153e-12,584.61,0,0,0,0.0011578,0,0.00038168,0.0073867
-1.2781e-12,-0.023815,0.042695,-62.209,3.2493e-09,3.9426e-10,1.4376e-08,141.21,-577.49,6.9757e-09,40.669,-78.922,0.00075629,44.735,0.094083,-0.21375,0.11967,-1.3324e-11,0.40552,-5.5715e-12,591.03,0,0,0,0.00116,0,0.0003826,0.0073887
-1.2354e-12,-0.023486,0.041561,-61.114,3.1188e-09,4.0341e-10,1.4491e-08,149.85,-588.3,7.1456e-09,45.21,-88.601,0.00074956,44.74,0.091654,-0.22467,0.13301,-1.3195e-11,0.40665,-5.6558e-12,603.14,0,0,0,0.0011635,0,0.00038401,0.0073918
-1.2257e-12,-0.023406,0.041324,-60.859,3.09e-09,4.0521e-10,1.451e-08,151.56,-590.41,7.1841e-09,46.361,-90.55,0.0007482,44.74,0.091101,-0.22687,0.13576,-1.3164e-11,0.40665,-5.6764e-12,605.53,0,0,0,0.0011643,0,0.00038433,0.0073925
-1.1951e-12,-0.023149,0.040494,-60.036,2.9976e-09,4.1168e-10,1.4589e-08,158.13,-597.81,7.3098e-09,49.932,-97.9,0.00074332,44.744,0.089323,-0.23507,0.14575,-1.307e-11,0.40696,-5.7381e-12,614.43,0,0,0,0.0011667,0,0.00038531,0.0073948
-1.1744e-12,-0.022969,0.039997,-59.477,2.936e-09,4.1646e-10,1.4645e-08,161.81,-603.89,7.3916e-09,52.769,-102.2,0.00074013,44.746,0.088072,-0.23961,0.15154,-1.3008e-11,0.40751,-5.7774e-12,620.59,0,0,0,0.0011684,0,0.00038591,0.0073964
-1.1676e-12,-0.022912,0.039813,-59.295,2.9155e-09,4.1839e-10,1.4669e-08,163.33,-606.19,7.4198e-09,53.638,-103.92,0.00073891,44.747,0.087654,-0.24143,0.15377,-1.2989e-11,0.40785,-5.7895e-12,623.05,0,0,0,0.001169,0,0.00038611,0.0073969
-1.1241e-12,-0.022508,0.038744,-58.075,2.7879e-09,4.2862e-10,1.4787e-08,171.61,-618.69,7.5986e-09,59.999,-113.55,0.00073208,44.752,0.084973,-0.25149,0.16652,-1.286e-11,0.40841,-5.8745e-12,636.5,0,0,0,0.0011726,0,0.00038735,0.0074003
-1.1011e-12,-0.022299,0.038107,-57.432,2.7192e-09,4.3464e-10,1.4869e-08,177.14,-626.16,7.6987e-09,63.203,-119.81,0.00072791,44.755,0.083529,-0.25802,0.17449,-1.2796e-11,0.40913,-5.9169e-12,645.06,0,0,0,0.0011744,0,0.00038797,0.007402
-1.0747e-12,-0.022036,0.037441,-56.66,2.6426e-09,4.4034e-10,1.494e-08,182.5,-633.55,7.8117e-09,67.347,-126.03,0.00072368,44.758,0.081862,-0.26445,0.18259,-1.2717e-11,0.40907,-5.9696e-12,653.53,0,0,0,0.0011766,0,0.0003887,0.0074041
-1.0364e-12,-0.021659,0.036354,-55.534,2.5292e-09,4.4984e-10,1.5073e-08,192.36,-645.38,7.9862e-09,73.199,-137.17,0.00071668,44.765,0.079407,-0.27596,0.19655,-1.2609e-11,0.40946,-6.0431e-12,668.14,0,0,0,0.0011796,0,0.00038972,0.0074069
-1.026e-12,-0.021548,0.036086,-55.216,2.4993e-09,4.5195e-10,1.51e-08,194.6,-648.17,8.0323e-09,74.953,-139.76,0.00071498,44.767,0.078736,-0.27861,0.19988,-1.2577e-11,0.40926,-6.0643e-12,671.58,0,0,0,0.0011805,0,0.00039,0.0074078
-9.9305e-13,-0.021198,0.035129,-54.198,2.4024e-09,4.603e-10,1.521e-08,203.59,-657.67,8.1895e-09,80.48,-149.92,0.00070893,44.773,0.076581,-0.289,0.21242,-1.2482e-11,0.4088,-6.1309e-12,684.35,0,0,0,0.0011831,0,0.00039084,0.0074102
-9.7796e-13,-0.021028,0.034746,-53.714,2.359e-09,4.6471e-10,1.5267e-08,206.97,-663.59,8.2575e-09,83.341,-153.67,0.00070615,44.774,0.075637,-0.29267,0.21704,-1.2441e-11,0.40921,-6.1579e-12,690.69,0,0,0,0.0011844,0,0.00039119,0.0074114
-9.7287e-13,-0.020972,0.034597,-53.553,2.3439e-09,4.6647e-10,1.5292e-08,208.5,-665.88,8.2829e-09,84.238,-155.31,0.00070506,44.774,0.075318,-0.2943,0.21898,-1.2428e-11,0.40949,-6.1668e-12,693.33,0,0,0,0.0011848,0,0.0003913,0.0074118
-9.3081e-13,-0.020467,0.033497,-52.152,2.2238e-09,4.7847e-10,1.5449e-08,218.68,-681.94,8.4824e-09,92.726,-166.54,0.00069717,44.777,0.072646,-0.30519,0.23255,-1.2311e-11,0.40985,-6.2451e-12,711.68,0,0,0,0.0011883,0,0.00039223,0.0074152
-9.1007e-13,-0.020223,0.03287,-51.462,2.1628e-09,4.8534e-10,1.5549e-08,225.43,-690.77,8.5925e-09,96.731,-173.78,0.00069268,44.779,0.071328,-0.31228,0.24095,-1.2258e-11,0.41043,-6.284e-12,722.68,0,0,0,0.0011899,0,0.00039267,0.0074167
-8.8416e-13,-0.019893,0.032173,-50.564,2.0894e-09,4.9222e-10,1.5644e-08,232.14,-700.28,8.7214e-09,102.31,-181.16,0.00068776,44.781,0.069655,-0.31938,0.24973,-1.2185e-11,0.41011,-6.3342e-12,734.35,0,0,0,0.001192,0,0.00039322,0.0074188
-8.4847e-13,-0.019442,0.031065,-49.314,1.9847e-09,5.0381e-10,1.5812e-08,244.56,-714.37,8.923e-09,109.9,-194.47,0.00068004,44.786,0.067357,-0.33231,0.26496,-1.2092e-11,0.40997,-6.4068e-12,753.56,0,0,0,0.0011948,0,0.00039395,0.0074215
-8.3785e-13,-0.019299,0.030772,-48.93,1.9548e-09,5.0662e-10,1.5851e-08,247.48,-718.05,8.9783e-09,112.35,-197.67,0.00067801,44.787,0.066661,-0.33536,0.2687,-1.2061e-11,0.40959,-6.4283e-12,758.47,0,0,0,0.0011957,0,0.00039416,0.0074223
-8.0443e-13,-0.018846,0.02971,-47.697,1.8572e-09,5.1682e-10,1.6001e-08,259.76,-729.96,9.1778e-09,120.19,-210.83,0.00067083,44.792,0.064478,-0.34804,0.28357,-1.1972e-11,0.40826,-6.5015e-12,776.55,0,0,0,0.0011982,0,0.00039482,0.0074248
-7.9196e-13,-0.018672,0.029381,-47.233,1.8221e-09,5.2137e-10,1.6069e-08,263.1,-736.47,9.2445e-09,123.97,-214.85,0.00066835,44.796,0.063516,-0.35139,0.28788,-1.1948e-11,0.40841,-6.525e-12,783.31,0,0,0,0.0011993,0,0.00039503,0.0074258
-7.8765e-13,-0.018615,0.029245,-47.078,1.8094e-09,5.2329e-10,1.61e-08,264.81,-739.04,9.2722e-09,125.2,-216.81,0.0006673,44.798,0.06318,-0.3531,0.28992,-1.1941e-11,0.40859,-6.5338e-12,786.33,0,0,0,0.0011996,0,0.0003951,0.0074262
-7.4689e-13,-0.018018,0.028133,-45.507,1.6949e-09,5.3753e-10,1.6323e-08,276.74,-759.48,9.5049e-09,138.24,-231.08,0.00065904,44.813,0.059984,-0.36496,0.30497,-1.186e-11,0.40801,-6.6158e-12,809.35,0,0,0,0.001203,0,0.00039574,0.0074295
-7.2723e-13,-0.01774,0.027494,-44.76,1.637e-09,5.4571e-10,1.646e-08,285.25,-770.19,9.642e-09,144.37,-240.76,0.00065428,44.823,0.058432,-0.37337,0.31494,-1.1824e-11,0.40794,-6.6606e-12,823.38,0,0,0,0.0012045,0,0.00039604,0.0074309
-7.0195e-13,-0.01735,0.026782,-43.747,1.5662e-09,5.5411e-10,1.6597e-08,293.25,-782.15,9.7963e-09,152.94,-250.26,0.00064911,44.833,0.056416,-0.38123,0.32481,-1.1772e-11,0.4068,-6.7154e-12,838.11,0,0,0,0.0012065,0,0.00039642,0.007433
-6.6749e-13,-0.016828,0.025631,-42.365,1.4647e-09,5.6743e-10,1.6825e-08,309.18,-798.71,1.0054e-08,164.73,-268.34,0.00064087,44.852,0.053658,-0.39686,0.3432,-1.1704e-11,0.40487,-6.8025e-12,862.84,0,0,0,0.0012091,0,0.00039692,0.0074355
-6.5695e-13,-0.016656,0.025327,-41.926,1.4353e-09,5.7074e-10,1.688e-08,312.72,-803.3,1.0123e-08,168.52,-272.55,0.00063871,44.857,0.052805,-0.40031,0.34751,-1.1682e-11,0.40402,-6.827e-12,869.1,0,0,0,0.00121,0,0.00039707,0.0074363
-6.2344e-13,-0.016112,0.024183,-40.503,1.3366e-09,5.8229e-10,1.7084e-08,328.93,-816.84,1.0389e-08,181.09,-290.96,0.00063087,44.877,0.050079,-0.41612,0.36604,-1.161e-11,0.40018,-6.9191e-12,892.92,0,0,0,0.0012124,0,0.00039754,0.0074387
-6.1212e-13,-0.015897,0.023853,-39.949,1.3048e-09,5.8786e-10,1.7183e-08,333.01,-825.95,1.0468e-08,186.24,-295.19,0.00062815,44.875,0.049311,-0.41941,0.3701,-1.1598e-11,0.40056,-6.9428e-12,902.25,0,0,0,0.0012134,0,0.00039766,0.0074397
-6.081e-13,-0.015826,0.023707,-39.763,1.2927e-09,5.9044e-10,1.7228e-08,335.41,-829.56,1.0506e-08,187.95,-297.6,0.00062697,44.875,0.04905,-0.42144,0.37239,-1.1595e-11,0.40083,-6.9538e-12,906.61,0,0,0,0.0012137,0,0.0003977,0.00744
-5.6814e-13,-0.015036,0.022492,-37.749,1.1799e-09,6.0993e-10,1.7573e-08,351.34,-860.07,1.0814e-08,206.98,-314.05,0.00061732,44.869,0.046328,-0.43427,0.38794,-1.1549e-11,0.40059,-7.0484e-12,940.73,0,0,0,0.0012169,0,0.00039809,0.0074432
-5.4879e-13,-0.01467,0.021765,-36.802,1.1209e-09,6.2196e-10,1.7778e-08,363.87,-875.27,1.1016e-08,216.1,-326.71,0.00061179,44.868,0.045075,-0.44487,0.39979,-1.1529e-11,0.40033,-7.1109e-12,961.65,0,0,0,0.0012183,0,0.00039827,0.0074446
-5.238e-13,-0.014155,0.020979,-35.501,1.0501e-09,6.34e-10,1.7989e-08,374.67,-892.93,1.1225e-08,228.6,-337.83,0.00060581,44.865,0.043365,-0.45353,0.41016,-1.1497e-11,0.399,-7.1777e-12,983.42,0,0,0,0.0012203,0,0.0003985,0.0074466
-4.8952e-13,-0.013465,0.019658,-33.729,9.4493e-10,6.5255e-10,1.8319e-08,398.04,-914.94,1.161e-08,246.42,-361.45,0.00059646,44.866,0.041155,-0.47326,0.4321,-1.1453e-11,0.39536,-7.3033e-12,1019.4,0,0,0,0.0012227,0,0.00039881,0.0074489
-4.7887e-13,-0.013235,0.019314,-33.154,9.1471e-10,6.5725e-10,1.8404e-08,402.91,-921.66,1.1705e-08,252.03,-366.46,0.00059397,44.864,0.040425,-0.47714,0.43672,-1.1437e-11,0.39422,-7.3348e-12,1028.7,0,0,0,0.0012236,0,0.0003989,0.0074498
-4.4392e-13,-0.012484,0.017943,-31.243,8.0734e-10,6.7264e-10,1.8698e-08,427.17,-938.41,1.2121e-08,271.94,-391.09,0.00058499,44.865,0.038145,-0.49762,0.45948,-1.1381e-11,0.38701,-7.4769e-12,1063.5,0,0,0,0.001226,0,0.0003992,0.0074522
-4.3369e-13,-0.012253,0.017664,-30.661,7.7928e-10,6.7835e-10,1.8845e-08,430.7,-950.54,1.226e-08,281.92,-395.81,0.000583,44.882,0.037105,-0.50035,0.46325,-1.1408e-11,0.38671,-7.5346e-12,1072.2,0,0,0,0.0012268,0,0.00039925,0.007453
-4.3006e-13,-0.012181,0.017529,-30.477,7.6804e-10,6.8156e-10,1.8904e-08,433.63,-955.42,1.2326e-08,285.22,-399.15,0.00058222,44.89,0.036778,-0.50308,0.4663,-1.142e-11,0.38706,-7.5632e-12,1077.4,0,0,0,0.001227,0,0.00039926,0.0074532
-3.8943e-13,-0.011239,0.016365,-28.124,6.5516e-10,7.0441e-10,1.9459e-08,450.07,-1000.7,1.2919e-08,325.58,-420.43,0.00057498,44.96,0.032704,-0.51674,0.48403,-1.1522e-11,0.38445,-7.8192e-12,1114.6,0,0,0,0.0012302,0,0.00039943,0.0074564
-3.7045e-13,-0.010838,0.015632,-27.105,5.952e-10,7.1974e-10,1.972e-08,466.87,-1021.9,1.3272e-08,343.55,-439.26,0.00057222,45.001,0.031065,-0.53335,0.50229,-1.1584e-11,0.38485,-7.9885e-12,1141.8,0,0,0,0.0012314,0,0.00039951,0.0074576
-3.442e-13,-0.01021,0.014849,-25.548,5.215e-10,7.3408e-10,2.0049e-08,478.84,-1048.6,1.367e-08,370,-454.31,0.00056831,45.049,0.0285,-0.54404,0.51554,-1.1649e-11,0.38228,-8.1706e-12,1167.1,0,0,0,0.0012334,0,0.00039961,0.0074596
-3.1009e-13,-0.009436,0.013492,-23.596,4.1127e-10,7.5879e-10,2.0473e-08,511.51,-1079.3,1.4343e-08,404.39,-490.95,0.00056402,45.125,0.025427,-0.57729,0.55186,-1.175e-11,0.37847,-8.5027e-12,1217.7,0,0,0,0.0012356,0,0.00039974,0.0074617
-2.9772e-13,-0.009129,0.01311,-22.84,3.7617e-10,7.6514e-10,2.0613e-08,517.68,-1090.4,1.4538e-08,417,-498.57,0.00056252,45.149,0.024227,-0.58314,0.55892,-1.178e-11,0.37664,-8.5965e-12,1230.2,0,0,0,0.0012365,0,0.00039978,0.0074627
-2.5417e-13,-0.0080652,0.011348,-20.175,2.3171e-10,7.9353e-10,2.1112e-08,562.1,-1119,1.5462e-08,464.76,-548.12,0.00055824,45.251,0.020272,-0.62977,0.6095,-1.1908e-11,0.36472,-9.0716e-12,1296.8,0,0,0,0.0012392,0,0.00039994,0.0074653
-2.4896e-13,-0.007855,0.011217,-19.642,2.2035e-10,7.8271e-10,2.1175e-08,561.38,-1125.6,1.5392e-08,466.05,-547.99,0.00055832,45.234,0.019661,-0.62908,0.60942,-1.1939e-11,0.36769,-9.0279e-12,1305.1,0,0,0,0.0012395,0,0.00039994,0.0074657
-2.4723e-13,-0.0078061,0.011143,-19.518,2.1633e-10,7.7907e-10,2.12e-08,560.93,-1129.9,1.5362e-08,465.88,-547.7,0.0005583,45.229,0.019507,-0.62857,0.60907,-1.195e-11,0.37012,-9.0092e-12,1310.2,0,0,0,0.0012396,0,0.00039994,0.0074658
-1.9435e-13,-0.0057526,0.0096626,-14.343,1.0006e-10,6.6299e-10,2.1795e-08,549.31,-1201.3,1.4609e-08,478.64,-540.35,0.00056057,45.071,0.014193,-0.61776,0.60356,-1.2255e-11,0.40324,-8.5619e-12,1406.9,0,0,0,0.001243,0,0.00039989,0.0074692
-1.7438e-13,-0.0052184,0.0087116,-12.997,5.0561e-11,6.1829e-10,2.2096e-08,544.8,-1258.6,1.4279e-08,478.26,-537.58,0.00056007,45.016,0.012531,-0.61236,0.59983,-1.2386e-11,0.43509,-8.3462e-12,1482.2,0,0,0,0.001244,0,0.00039989,0.0074702
-1.3657e-13,-0.0038063,0.007532,-9.4652,-3.4778e-11,5.3084e-10,2.2479e-08,534.08,-1314.8,1.3722e-08,488.45,-529.34,0.00056333,44.912,0.0091238,-0.60315,0.59402,-1.2602e-11,0.46085,-8.0385e-12,1566,0,0,0,0.0012463,0,0.00039985,0.0074725
-9.4882e-14,-0.0027294,0.0053052,-6.7735,-1.4739e-10,4.4105e-10,2.3188e-08,536.5,-1475.9,1.3093e-08,490.44,-539.63,0.00056108,44.8,0.0041135,-0.60545,0.60134,-1.2895e-11,0.54874,-7.6041e-12,1790.7,0,0,0,0.0012483,0,0.00039984,0.0074744
-7.2637e-14,-0.0019296,0.0045257,-4.7885,-2.0027e-10,3.931e-10,2.3395e-08,530.27,-1519.4,1.2785e-08,497.35,-541.56,0.00056446,44.745,-0.00030938,-0.6032,0.60351,-1.3024e-11,0.5687,-7.4547e-12,1861.1,0,0,0,0.0012496,0,0.00039981,0.0074757
-1.4805e-15,-5.2107e-05,6.1242e-05,-2.5397,-2.6616e-10,2.6835e-10,2.4766e-08,516.09,-1803.5,1.1374e-08,476.03,-534.92,0.00055622,44.515,0.00025371,-0.63589,0.63563,-1.3795e-11,0.78639,-6.6559e-12,2339.4,1.6234e-11,0.39533,-1.1718,0.001253,0,0.00039978,0.0074792
0,0,0,-2.4757,-2.6735e-10,2.6586e-10,2.4788e-08,515.46,-1807.7,1.1347e-08,475.81,-534.7,0.00055653,44.511,0.00019722,-0.63603,0.63583,-1.381e-11,0.78895,-6.6437e-12,2345.4,1.658e-11,0.40601,-1.1888,0.0012531,0,0.00039978,0.0074793
